epoch,target,mv,correct,total,kci_percent,ann_sign_avg,dynamic_positive_percent
1,B35_H2S,air2_SP,462.0,794.0,58.186397984886646,-0.163727959697733,0.0
1,B35_H2S,HEATER2_output_T_SP,938.0,1212.0,77.39273927392739,-0.5478547854785478,0.0
1,B35_SO2,air2_SP,958.0,1280.0,74.84375,1.0,74.84375
1,B35_SO2,HEATER2_output_T_SP,305.0,1146.0,26.61431064572426,-0.5951134380453752,87.87085514834206
2,B35_H2S,air2_SP,417.0,772.0,54.015544041450774,-0.10362694300518134,6.606217616580311
2,B35_H2S,HEATER2_output_T_SP,976.0,1206.0,80.92868988391376,-0.6185737976782753,0.0
2,B35_SO2,air2_SP,1280.0,1280.0,100.0,1.0,100.0
2,B35_SO2,HEATER2_output_T_SP,653.0,1146.0,56.980802792321114,-0.6823734729493892,44.67713787085515
3,B35_H2S,air2_SP,420.0,822.0,51.09489051094891,-0.021897810218978103,0.0
3,B35_H2S,HEATER2_output_T_SP,952.0,1226.0,77.65089722675367,-0.5530179445350734,0.0
3,B35_SO2,air2_SP,1280.0,1280.0,100.0,1.0,100.0
3,B35_SO2,HEATER2_output_T_SP,237.0,1158.0,20.466321243523318,-0.616580310880829,98.70466321243524
4,B35_H2S,air2_SP,442.0,836.0,52.87081339712919,-0.05741626794258373,0.0
4,B35_H2S,HEATER2_output_T_SP,936.0,1184.0,79.05405405405405,-0.581081081081081,0.0
4,B35_SO2,air2_SP,1280.0,1280.0,100.0,1.0,100.0
4,B35_SO2,HEATER2_output_T_SP,202.0,1098.0,18.397085610200364,-0.6320582877959927,100.0
5,B35_H2S,air2_SP,444.0,836.0,53.110047846889955,-0.06220095693779904,0.0
5,B35_H2S,HEATER2_output_T_SP,928.0,1210.0,76.69421487603306,-0.5338842975206611,0.0
5,B35_SO2,air2_SP,1280.0,1280.0,100.0,1.0,100.0
5,B35_SO2,HEATER2_output_T_SP,224.0,1136.0,19.718309859154928,-0.6056338028169014,100.0
6,B35_H2S,air2_SP,450.0,832.0,54.08653846153846,-0.08173076923076923,0.0
6,B35_H2S,HEATER2_output_T_SP,951.0,1210.0,78.59504132231405,-0.5702479338842975,0.08264462809917356
6,B35_SO2,air2_SP,1280.0,1280.0,100.0,1.0,100.0
6,B35_SO2,HEATER2_output_T_SP,228.0,1158.0,19.689119170984455,-0.6062176165803109,100.0
7,B35_H2S,air2_SP,406.0,794.0,51.13350125944584,-0.022670025188916875,0.0
7,B35_H2S,HEATER2_output_T_SP,1012.0,1228.0,82.41042345276873,-0.5960912052117264,6.026058631921824
7,B35_SO2,air2_SP,1280.0,1280.0,100.0,1.0,100.0
7,B35_SO2,HEATER2_output_T_SP,196.0,1154.0,16.984402079722702,-0.6603119584055459,100.0
8,B35_H2S,air2_SP,420.0,814.0,51.597051597051596,-0.03194103194103194,0.0
8,B35_H2S,HEATER2_output_T_SP,1018.0,1220.0,83.44262295081967,-0.5737704918032787,8.19672131147541
8,B35_SO2,air2_SP,1280.0,1280.0,100.0,1.0,100.0
8,B35_SO2,HEATER2_output_T_SP,210.0,1146.0,18.32460732984293,-0.6335078534031413,100.0
9,B35_H2S,air2_SP,432.0,802.0,53.86533665835412,-0.0773067331670823,0.0
9,B35_H2S,HEATER2_output_T_SP,1020.0,1204.0,84.71760797342192,-0.5514950166112956,14.451827242524917
9,B35_SO2,air2_SP,1280.0,1280.0,100.0,1.0,100.0
9,B35_SO2,HEATER2_output_T_SP,224.0,1146.0,19.54624781849913,-0.6090750436300174,100.0
10,B35_H2S,air2_SP,410.0,820.0,50.0,0.0,0.0
10,B35_H2S,HEATER2_output_T_SP,1020.0,1226.0,83.19738988580751,-0.5530179445350734,16.31321370309951
10,B35_SO2,air2_SP,1280.0,1280.0,100.0,1.0,100.0
10,B35_SO2,HEATER2_output_T_SP,222.0,1154.0,19.23743500866551,-0.6152512998266898,100.0
11,B35_H2S,air2_SP,410.0,802.0,51.12219451371571,-0.022443890274314215,0.0
11,B35_H2S,HEATER2_output_T_SP,1072.0,1234.0,86.87196110210697,-0.5786061588330632,12.479740680713128
11,B35_SO2,air2_SP,1280.0,1280.0,100.0,1.0,100.0
11,B35_SO2,HEATER2_output_T_SP,222.0,1178.0,18.845500848896435,-0.6230899830220713,100.0
12,B35_H2S,air2_SP,376.0,758.0,49.6042216358839,0.0079155672823219,0.0
12,B35_H2S,HEATER2_output_T_SP,1002.0,1208.0,82.94701986754967,-0.6357615894039735,1.490066225165563
12,B35_SO2,air2_SP,1280.0,1280.0,100.0,1.0,100.0
12,B35_SO2,HEATER2_output_T_SP,174.0,1140.0,15.263157894736842,-0.6947368421052632,100.0
13,B35_H2S,air2_SP,430.0,826.0,52.05811138014528,-0.04116222760290557,0.0
13,B35_H2S,HEATER2_output_T_SP,975.0,1218.0,80.04926108374384,-0.5763546798029556,1.2315270935960592
13,B35_SO2,air2_SP,1280.0,1280.0,100.0,1.0,100.0
13,B35_SO2,HEATER2_output_T_SP,218.0,1162.0,18.76075731497418,-0.6247848537005164,100.0
14,B35_H2S,air2_SP,428.0,790.0,54.177215189873415,-0.08354430379746836,0.0
14,B35_H2S,HEATER2_output_T_SP,961.0,1224.0,78.51307189542484,-0.5588235294117647,0.5718954248366013
14,B35_SO2,air2_SP,1280.0,1280.0,100.0,1.0,100.0
14,B35_SO2,HEATER2_output_T_SP,214.0,1146.0,18.673647469458988,-0.6265270506108203,100.0
15,B35_H2S,air2_SP,428.0,780.0,54.87179487179487,-0.09743589743589744,0.0
15,B35_H2S,HEATER2_output_T_SP,941.0,1220.0,77.1311475409836,-0.5409836065573771,0.08196721311475409
15,B35_SO2,air2_SP,1280.0,1280.0,100.0,1.0,100.0
15,B35_SO2,HEATER2_output_T_SP,240.0,1156.0,20.761245674740483,-0.5847750865051903,100.0
16,B35_H2S,air2_SP,430.0,830.0,51.80722891566265,-0.03614457831325301,0.0
16,B35_H2S,HEATER2_output_T_SP,948.0,1224.0,77.45098039215686,-0.5490196078431373,0.0
16,B35_SO2,air2_SP,1280.0,1280.0,100.0,1.0,100.0
16,B35_SO2,HEATER2_output_T_SP,216.0,1148.0,18.81533101045296,-0.6236933797909407,100.0
17,B35_H2S,air2_SP,400.0,784.0,51.02040816326531,-0.02040816326530612,0.0
17,B35_H2S,HEATER2_output_T_SP,954.0,1202.0,79.36772046589019,-0.5873544093178037,0.0
17,B35_SO2,air2_SP,1280.0,1280.0,100.0,1.0,100.0
17,B35_SO2,HEATER2_output_T_SP,194.0,1132.0,17.137809187279153,-0.657243816254417,100.0
18,B35_H2S,air2_SP,422.0,810.0,52.098765432098766,-0.04197530864197531,0.0
18,B35_H2S,HEATER2_output_T_SP,946.0,1216.0,77.79605263157895,-0.555921052631579,0.0
18,B35_SO2,air2_SP,1280.0,1280.0,100.0,1.0,100.0
18,B35_SO2,HEATER2_output_T_SP,226.0,1148.0,19.686411149825783,-0.6062717770034843,100.0
19,B35_H2S,air2_SP,430.0,826.0,52.05811138014528,-0.04116222760290557,0.0
19,B35_H2S,HEATER2_output_T_SP,956.0,1234.0,77.47163695299838,-0.5494327390599676,0.0
19,B35_SO2,air2_SP,1280.0,1280.0,100.0,1.0,100.0
19,B35_SO2,HEATER2_output_T_SP,222.0,1156.0,19.20415224913495,-0.615916955017301,100.0
20,B35_H2S,air2_SP,396.0,788.0,50.253807106598984,-0.005076142131979695,0.0
20,B35_H2S,HEATER2_output_T_SP,992.0,1226.0,80.91353996737357,-0.6182707993474714,0.0
20,B35_SO2,air2_SP,1280.0,1280.0,100.0,1.0,100.0
20,B35_SO2,HEATER2_output_T_SP,190.0,1158.0,16.407599309153714,-0.6718480138169257,100.0
21,B35_H2S,air2_SP,398.0,794.0,50.12594458438287,-0.0025188916876574307,0.0
21,B35_H2S,HEATER2_output_T_SP,954.0,1220.0,78.19672131147541,-0.5639344262295082,0.0
21,B35_SO2,air2_SP,1280.0,1280.0,100.0,1.0,100.0
21,B35_SO2,HEATER2_output_T_SP,212.0,1152.0,18.40277777777778,-0.6319444444444444,100.0
22,B35_H2S,air2_SP,434.0,838.0,51.78997613365155,-0.03579952267303103,0.0
22,B35_H2S,HEATER2_output_T_SP,954.0,1218.0,78.32512315270937,-0.5665024630541872,0.0
22,B35_SO2,air2_SP,1280.0,1280.0,100.0,1.0,100.0
22,B35_SO2,HEATER2_output_T_SP,216.0,1152.0,18.75,-0.625,100.0
23,B35_H2S,air2_SP,392.0,794.0,49.37027707808564,0.012594458438287154,0.0
23,B35_H2S,HEATER2_output_T_SP,972.0,1218.0,79.80295566502463,-0.5960591133004927,0.0
23,B35_SO2,air2_SP,1280.0,1280.0,100.0,1.0,100.0
23,B35_SO2,HEATER2_output_T_SP,188.0,1130.0,16.63716814159292,-0.6672566371681415,100.0
24,B35_H2S,air2_SP,426.0,796.0,53.517587939698494,-0.07035175879396985,0.0
24,B35_H2S,HEATER2_output_T_SP,954.0,1218.0,78.32512315270937,-0.5665024630541872,0.0
24,B35_SO2,air2_SP,1280.0,1280.0,100.0,1.0,100.0
24,B35_SO2,HEATER2_output_T_SP,208.0,1142.0,18.21366024518389,-0.6357267950963222,100.0
25,B35_H2S,air2_SP,478.0,814.0,58.72235872235872,-0.17444717444717445,0.0
25,B35_H2S,HEATER2_output_T_SP,920.0,1208.0,76.15894039735099,-0.5231788079470199,0.0
25,B35_SO2,air2_SP,1280.0,1280.0,100.0,1.0,100.0
25,B35_SO2,HEATER2_output_T_SP,234.0,1136.0,20.598591549295776,-0.5880281690140845,100.0
26,B35_H2S,air2_SP,430.0,802.0,53.61596009975062,-0.07231920199501247,0.0
26,B35_H2S,HEATER2_output_T_SP,948.0,1216.0,77.96052631578948,-0.5592105263157895,0.0
26,B35_SO2,air2_SP,1280.0,1280.0,100.0,1.0,100.0
26,B35_SO2,HEATER2_output_T_SP,220.0,1164.0,18.900343642611684,-0.6219931271477663,100.0
27,B35_H2S,air2_SP,414.0,832.0,49.75961538461539,0.004807692307692308,0.0
27,B35_H2S,HEATER2_output_T_SP,946.0,1210.0,78.18181818181819,-0.5636363636363636,0.0
27,B35_SO2,air2_SP,1280.0,1280.0,100.0,1.0,100.0
27,B35_SO2,HEATER2_output_T_SP,204.0,1134.0,17.98941798941799,-0.6402116402116402,100.0
28,B35_H2S,air2_SP,386.0,764.0,50.52356020942408,-0.010471204188481676,0.0
28,B35_H2S,HEATER2_output_T_SP,990.0,1234.0,80.22690437601297,-0.6045380875202593,0.0
28,B35_SO2,air2_SP,1280.0,1280.0,100.0,1.0,100.0
28,B35_SO2,HEATER2_output_T_SP,194.0,1154.0,16.81109185441941,-0.6637781629116117,100.0
29,B35_H2S,air2_SP,464.0,814.0,57.002457002457,-0.14004914004914004,0.0
29,B35_H2S,HEATER2_output_T_SP,938.0,1220.0,76.88524590163935,-0.5377049180327869,0.0
29,B35_SO2,air2_SP,1280.0,1280.0,100.0,1.0,100.0
29,B35_SO2,HEATER2_output_T_SP,228.0,1138.0,20.035149384885763,-0.5992970123022847,100.0
30,B35_H2S,air2_SP,424.0,818.0,51.83374083129584,-0.03667481662591687,0.0
30,B35_H2S,HEATER2_output_T_SP,944.0,1218.0,77.50410509031198,-0.5500821018062397,0.0
30,B35_SO2,air2_SP,1280.0,1280.0,100.0,1.0,100.0
30,B35_SO2,HEATER2_output_T_SP,228.0,1156.0,19.72318339100346,-0.6055363321799307,100.0
31,B35_H2S,air2_SP,434.0,822.0,52.798053527980535,-0.05596107055961071,0.0
31,B35_H2S,HEATER2_output_T_SP,976.0,1224.0,79.73856209150327,-0.5947712418300654,0.0
31,B35_SO2,air2_SP,1280.0,1280.0,100.0,1.0,100.0
31,B35_SO2,HEATER2_output_T_SP,212.0,1168.0,18.15068493150685,-0.636986301369863,100.0
32,B35_H2S,air2_SP,394.0,758.0,51.97889182058047,-0.0395778364116095,0.0
32,B35_H2S,HEATER2_output_T_SP,984.0,1218.0,80.78817733990148,-0.6157635467980296,0.0
32,B35_SO2,air2_SP,1280.0,1280.0,100.0,1.0,100.0
32,B35_SO2,HEATER2_output_T_SP,192.0,1162.0,16.523235800344235,-0.6695352839931153,100.0
33,B35_H2S,air2_SP,430.0,782.0,54.987212276214834,-0.09974424552429667,0.0
33,B35_H2S,HEATER2_output_T_SP,954.0,1226.0,77.81402936378467,-0.5562805872756933,0.0
33,B35_SO2,air2_SP,1280.0,1280.0,100.0,1.0,100.0
33,B35_SO2,HEATER2_output_T_SP,230.0,1160.0,19.82758620689655,-0.603448275862069,100.0
34,B35_H2S,air2_SP,408.0,828.0,49.27536231884058,0.014492753623188406,0.0
34,B35_H2S,HEATER2_output_T_SP,978.0,1216.0,80.42763157894737,-0.6085526315789473,0.0
34,B35_SO2,air2_SP,1280.0,1280.0,100.0,1.0,100.0
34,B35_SO2,HEATER2_output_T_SP,196.0,1148.0,17.073170731707318,-0.6585365853658537,100.0
35,B35_H2S,air2_SP,366.0,698.0,52.43553008595988,-0.04871060171919771,0.0
35,B35_H2S,HEATER2_output_T_SP,906.0,1146.0,79.05759162303664,-0.581151832460733,0.0
35,B35_SO2,air2_SP,1184.0,1184.0,100.0,1.0,100.0
35,B35_SO2,HEATER2_output_T_SP,202.0,1088.0,18.566176470588236,-0.6286764705882353,100.0
36,B35_H2S,air2_SP,424.0,796.0,53.266331658291456,-0.06532663316582915,0.0
36,B35_H2S,HEATER2_output_T_SP,982.0,1222.0,80.36006546644845,-0.6072013093289689,0.0
36,B35_SO2,air2_SP,1280.0,1280.0,100.0,1.0,100.0
36,B35_SO2,HEATER2_output_T_SP,196.0,1154.0,16.984402079722702,-0.6603119584055459,100.0
37,B35_H2S,air2_SP,446.0,794.0,56.1712846347607,-0.12342569269521411,0.0
37,B35_H2S,HEATER2_output_T_SP,922.0,1212.0,76.07260726072607,-0.5214521452145214,0.0
37,B35_SO2,air2_SP,1280.0,1280.0,100.0,1.0,100.0
37,B35_SO2,HEATER2_output_T_SP,256.0,1142.0,22.416812609457093,-0.5516637478108581,100.0
38,B35_H2S,air2_SP,412.0,784.0,52.55102040816327,-0.05102040816326531,0.0
38,B35_H2S,HEATER2_output_T_SP,974.0,1228.0,79.31596091205212,-0.5863192182410424,0.0
38,B35_SO2,air2_SP,1280.0,1280.0,100.0,1.0,100.0
38,B35_SO2,HEATER2_output_T_SP,211.0,1164.0,18.127147766323024,-0.6391752577319587,99.91408934707904
39,B35_H2S,air2_SP,448.0,846.0,52.95508274231678,-0.0591016548463357,0.0
39,B35_H2S,HEATER2_output_T_SP,926.0,1202.0,77.03826955074875,-0.540765391014975,0.0
39,B35_SO2,air2_SP,1280.0,1280.0,100.0,1.0,100.0
39,B35_SO2,HEATER2_output_T_SP,284.0,1146.0,24.781849912739965,-0.5741710296684118,96.50959860383944
40,B35_H2S,air2_SP,416.0,824.0,50.48543689320388,-0.009708737864077669,0.0
40,B35_H2S,HEATER2_output_T_SP,948.0,1200.0,79.0,-0.58,0.0
40,B35_SO2,air2_SP,1280.0,1280.0,100.0,1.0,100.0
40,B35_SO2,HEATER2_output_T_SP,287.0,1144.0,25.087412587412587,-0.6188811188811189,93.61888111888112
41,B35_H2S,air2_SP,438.0,788.0,55.58375634517766,-0.1116751269035533,0.0
41,B35_H2S,HEATER2_output_T_SP,928.0,1200.0,77.33333333333333,-0.5466666666666666,0.0
41,B35_SO2,air2_SP,1280.0,1280.0,100.0,1.0,100.0
41,B35_SO2,HEATER2_output_T_SP,303.0,1126.0,26.909413854351687,-0.6127886323268206,92.27353463587922
42,B35_H2S,air2_SP,456.0,828.0,55.072463768115945,-0.10144927536231885,0.0
42,B35_H2S,HEATER2_output_T_SP,910.0,1204.0,75.5813953488372,-0.5116279069767442,0.0
42,B35_SO2,air2_SP,1280.0,1280.0,100.0,1.0,100.0
42,B35_SO2,HEATER2_output_T_SP,387.0,1126.0,34.36944937833037,-0.5879218472468917,85.52397868561279
43,B35_H2S,air2_SP,410.0,790.0,51.89873417721519,-0.0379746835443038,0.0
43,B35_H2S,HEATER2_output_T_SP,980.0,1220.0,80.32786885245902,-0.6065573770491803,0.0
43,B35_SO2,air2_SP,1280.0,1280.0,100.0,1.0,100.0
43,B35_SO2,HEATER2_output_T_SP,530.0,1162.0,45.61101549053356,-0.6660929432013769,69.70740103270224
44,B35_H2S,air2_SP,428.0,834.0,51.3189448441247,-0.026378896882494004,0.0
44,B35_H2S,HEATER2_output_T_SP,948.0,1212.0,78.21782178217822,-0.5643564356435643,0.0
44,B35_SO2,air2_SP,1280.0,1280.0,100.0,1.0,100.0
44,B35_SO2,HEATER2_output_T_SP,719.0,1120.0,64.19642857142857,-0.6392857142857142,49.19642857142857
45,B35_H2S,air2_SP,448.0,830.0,53.975903614457835,-0.07951807228915662,0.0
45,B35_H2S,HEATER2_output_T_SP,928.0,1212.0,76.56765676567657,-0.5313531353135313,0.0
45,B35_SO2,air2_SP,1280.0,1280.0,100.0,1.0,100.0
45,B35_SO2,HEATER2_output_T_SP,784.0,1140.0,68.7719298245614,-0.5894736842105263,47.01754385964912
46,B35_H2S,air2_SP,428.0,792.0,54.04040404040404,-0.08080808080808081,0.0
46,B35_H2S,HEATER2_output_T_SP,968.0,1216.0,79.60526315789474,-0.5921052631578947,0.0
46,B35_SO2,air2_SP,1280.0,1280.0,100.0,1.0,100.0
46,B35_SO2,HEATER2_output_T_SP,666.0,1158.0,57.512953367875646,-0.6303972366148531,56.303972366148535
47,B35_H2S,air2_SP,418.0,798.0,52.38095238095238,-0.047619047619047616,0.0
47,B35_H2S,HEATER2_output_T_SP,974.0,1224.0,79.57516339869281,-0.5915032679738562,0.0
47,B35_SO2,air2_SP,1280.0,1280.0,100.0,1.0,100.0
47,B35_SO2,HEATER2_output_T_SP,764.0,1138.0,67.13532513181019,-0.6590509666080844,47.10017574692443
48,B35_H2S,air2_SP,400.0,794.0,50.377833753148614,-0.007556675062972292,0.0
48,B35_H2S,HEATER2_output_T_SP,990.0,1218.0,81.2807881773399,-0.625615763546798,0.0
48,B35_SO2,air2_SP,1280.0,1280.0,100.0,1.0,100.0
48,B35_SO2,HEATER2_output_T_SP,844.0,1152.0,73.26388888888889,-0.6770833333333334,35.763888888888886
49,B35_H2S,air2_SP,442.0,802.0,55.11221945137157,-0.10224438902743142,0.0
49,B35_H2S,HEATER2_output_T_SP,952.0,1222.0,77.9050736497545,-0.55810147299509,0.0
49,B35_SO2,air2_SP,1280.0,1280.0,100.0,1.0,100.0
49,B35_SO2,HEATER2_output_T_SP,836.0,1126.0,74.24511545293073,-0.6447602131438721,35.52397868561279
50,B35_H2S,air2_SP,384.0,764.0,50.261780104712045,-0.005235602094240838,0.0
50,B35_H2S,HEATER2_output_T_SP,964.0,1226.0,78.62969004893964,-0.5725938009787929,0.0
50,B35_SO2,air2_SP,1280.0,1280.0,100.0,1.0,100.0
50,B35_SO2,HEATER2_output_T_SP,854.0,1168.0,73.11643835616438,-0.6198630136986302,34.332191780821915
51,B35_H2S,air2_SP,426.0,754.0,56.49867374005305,-0.129973474801061,0.0
51,B35_H2S,HEATER2_output_T_SP,934.0,1230.0,75.9349593495935,-0.5186991869918699,0.0
51,B35_SO2,air2_SP,1280.0,1280.0,100.0,1.0,100.0
51,B35_SO2,HEATER2_output_T_SP,826.0,1146.0,72.07678883071553,-0.6055846422338569,34.904013961605585
52,B35_H2S,air2_SP,402.0,808.0,49.75247524752475,0.0049504950495049506,0.0
52,B35_H2S,HEATER2_output_T_SP,976.0,1222.0,79.86906710310966,-0.5973813420621932,0.0
52,B35_SO2,air2_SP,1280.0,1280.0,100.0,1.0,100.0
52,B35_SO2,HEATER2_output_T_SP,886.0,1144.0,77.44755244755245,-0.6643356643356644,27.797202797202797
53,B35_H2S,air2_SP,432.0,782.0,55.24296675191816,-0.10485933503836317,0.0
53,B35_H2S,HEATER2_output_T_SP,964.0,1218.0,79.14614121510674,-0.5829228243021346,0.0
53,B35_SO2,air2_SP,1280.0,1280.0,100.0,1.0,100.0
53,B35_SO2,HEATER2_output_T_SP,881.0,1166.0,75.55746140651802,-0.6295025728987993,24.957118353344768
54,B35_H2S,air2_SP,414.0,806.0,51.364764267990076,-0.02729528535980149,0.0
54,B35_H2S,HEATER2_output_T_SP,992.0,1228.0,80.78175895765472,-0.6156351791530945,0.0
54,B35_SO2,air2_SP,1280.0,1280.0,100.0,1.0,100.0
54,B35_SO2,HEATER2_output_T_SP,933.0,1168.0,79.88013698630137,-0.6746575342465754,18.921232876712327
55,B35_H2S,air2_SP,394.0,806.0,48.883374689826304,0.022332506203473945,0.0
55,B35_H2S,HEATER2_output_T_SP,978.0,1230.0,79.51219512195122,-0.5902439024390244,0.0
55,B35_SO2,air2_SP,1280.0,1280.0,100.0,1.0,100.0
55,B35_SO2,HEATER2_output_T_SP,932.0,1164.0,80.06872852233677,-0.6460481099656358,14.003436426116838
56,B35_H2S,air2_SP,410.0,792.0,51.76767676767677,-0.03535353535353535,0.0
56,B35_H2S,HEATER2_output_T_SP,922.0,1186.0,77.74030354131534,-0.554806070826307,0.0
56,B35_SO2,air2_SP,1280.0,1280.0,100.0,1.0,100.0
56,B35_SO2,HEATER2_output_T_SP,833.0,1138.0,73.19859402460457,-0.6063268892794376,34.53427065026362
57,B35_H2S,air2_SP,470.0,840.0,55.95238095238095,-0.11904761904761904,0.0
57,B35_H2S,HEATER2_output_T_SP,932.0,1220.0,76.39344262295081,-0.5278688524590164,0.0
57,B35_SO2,air2_SP,1280.0,1280.0,100.0,1.0,100.0
57,B35_SO2,HEATER2_output_T_SP,841.0,1160.0,72.5,-0.5827586206896552,18.70689655172414
58,B35_H2S,air2_SP,382.0,810.0,47.160493827160494,0.056790123456790124,0.0
58,B35_H2S,HEATER2_output_T_SP,994.0,1240.0,80.16129032258064,-0.603225806451613,0.0
58,B35_SO2,air2_SP,1280.0,1280.0,100.0,1.0,100.0
58,B35_SO2,HEATER2_output_T_SP,931.0,1172.0,79.43686006825939,-0.6621160409556314,10.494880546075086
59,B35_H2S,air2_SP,448.0,836.0,53.588516746411486,-0.07177033492822966,0.0
59,B35_H2S,HEATER2_output_T_SP,966.0,1240.0,77.90322580645162,-0.5580645161290323,0.0
59,B35_SO2,air2_SP,1280.0,1280.0,100.0,1.0,100.0
59,B35_SO2,HEATER2_output_T_SP,906.0,1160.0,78.10344827586206,-0.6241379310344828,15.689655172413794
60,B35_H2S,air2_SP,374.0,758.0,49.340369393139845,0.013192612137203167,0.0
60,B35_H2S,HEATER2_output_T_SP,1000.0,1234.0,81.03727714748784,-0.6207455429497569,0.0
60,B35_SO2,air2_SP,1280.0,1280.0,100.0,1.0,100.0
60,B35_SO2,HEATER2_output_T_SP,953.0,1168.0,81.59246575342466,-0.6815068493150684,5.907534246575342
61,B35_H2S,air2_SP,426.0,816.0,52.205882352941174,-0.04411764705882353,0.0
61,B35_H2S,HEATER2_output_T_SP,942.0,1218.0,77.33990147783251,-0.5467980295566502,0.0
61,B35_SO2,air2_SP,1280.0,1280.0,100.0,1.0,100.0
61,B35_SO2,HEATER2_output_T_SP,892.0,1142.0,78.10858143607706,-0.6077057793345009,4.903677758318739
62,B35_H2S,air2_SP,392.0,792.0,49.494949494949495,0.010101010101010102,0.0
62,B35_H2S,HEATER2_output_T_SP,988.0,1222.0,80.85106382978724,-0.6170212765957447,0.0
62,B35_SO2,air2_SP,1280.0,1280.0,100.0,1.0,100.0
62,B35_SO2,HEATER2_output_T_SP,959.0,1150.0,83.3913043478261,-0.6869565217391305,3.9130434782608696
63,B35_H2S,air2_SP,408.0,804.0,50.74626865671642,-0.014925373134328358,0.0
63,B35_H2S,HEATER2_output_T_SP,958.0,1212.0,79.04290429042905,-0.5808580858085809,0.0
63,B35_SO2,air2_SP,1280.0,1280.0,100.0,1.0,100.0
63,B35_SO2,HEATER2_output_T_SP,917.0,1146.0,80.0174520069808,-0.6369982547993019,5.49738219895288
64,B35_H2S,air2_SP,490.0,826.0,59.32203389830509,-0.1864406779661017,0.0
64,B35_H2S,HEATER2_output_T_SP,920.0,1208.0,76.15894039735099,-0.5231788079470199,0.0
64,B35_SO2,air2_SP,1280.0,1280.0,100.0,1.0,100.0
64,B35_SO2,HEATER2_output_T_SP,868.0,1140.0,76.14035087719299,-0.5684210526315789,3.8596491228070176
65,B35_H2S,air2_SP,462.0,816.0,56.61764705882353,-0.1323529411764706,0.0
65,B35_H2S,HEATER2_output_T_SP,962.0,1216.0,79.11184210526316,-0.5822368421052632,0.0
65,B35_SO2,air2_SP,1280.0,1280.0,100.0,1.0,100.0
65,B35_SO2,HEATER2_output_T_SP,907.0,1148.0,79.00696864111498,-0.6202090592334495,2.961672473867596
66,B35_H2S,air2_SP,424.0,810.0,52.34567901234568,-0.04691358024691358,0.0
66,B35_H2S,HEATER2_output_T_SP,932.0,1216.0,76.64473684210526,-0.5328947368421053,0.0
66,B35_SO2,air2_SP,1280.0,1280.0,100.0,1.0,100.0
66,B35_SO2,HEATER2_output_T_SP,907.0,1150.0,78.8695652173913,-0.6034782608695652,2.9565217391304346
67,B35_H2S,air2_SP,398.0,800.0,49.75,0.005,0.0
67,B35_H2S,HEATER2_output_T_SP,952.0,1204.0,79.06976744186046,-0.5813953488372093,0.0
67,B35_SO2,air2_SP,1280.0,1280.0,100.0,1.0,100.0
67,B35_SO2,HEATER2_output_T_SP,935.0,1146.0,81.58813263525306,-0.6404886561954625,1.1343804537521816
68,B35_H2S,air2_SP,406.0,842.0,48.21852731591449,0.035629453681710214,0.0
68,B35_H2S,HEATER2_output_T_SP,970.0,1226.0,79.11908646003262,-0.5823817292006526,0.0
68,B35_SO2,air2_SP,1280.0,1280.0,100.0,1.0,100.0
68,B35_SO2,HEATER2_output_T_SP,937.0,1148.0,81.62020905923345,-0.6445993031358885,1.829268292682927
69,B35_H2S,air2_SP,386.0,772.0,50.0,0.0,0.0
69,B35_H2S,HEATER2_output_T_SP,964.0,1194.0,80.73701842546063,-0.6147403685092128,0.0
69,B35_SO2,air2_SP,1280.0,1280.0,100.0,1.0,100.0
69,B35_SO2,HEATER2_output_T_SP,954.0,1142.0,83.53765323992995,-0.681260945709282,2.1015761821366024
70,B35_H2S,air2_SP,386.0,740.0,52.16216216216216,-0.043243243243243246,0.0
70,B35_H2S,HEATER2_output_T_SP,906.0,1148.0,78.9198606271777,-0.578397212543554,0.0
70,B35_SO2,air2_SP,1184.0,1184.0,100.0,1.0,100.0
70,B35_SO2,HEATER2_output_T_SP,887.0,1078.0,82.28200371057514,-0.647495361781076,3.4322820037105752
71,B35_H2S,air2_SP,446.0,842.0,52.96912114014252,-0.05938242280285035,0.0
71,B35_H2S,HEATER2_output_T_SP,928.0,1218.0,76.19047619047619,-0.5238095238095238,0.0
71,B35_SO2,air2_SP,1280.0,1280.0,100.0,1.0,100.0
71,B35_SO2,HEATER2_output_T_SP,907.0,1158.0,78.32469775474956,-0.5785837651122625,3.540587219343696
72,B35_H2S,air2_SP,432.0,828.0,52.17391304347826,-0.043478260869565216,0.0
72,B35_H2S,HEATER2_output_T_SP,938.0,1222.0,76.759410801964,-0.5351882160392799,0.0
72,B35_SO2,air2_SP,1280.0,1280.0,100.0,1.0,100.0
72,B35_SO2,HEATER2_output_T_SP,927.0,1140.0,81.3157894736842,-0.6175438596491228,2.543859649122807
73,B35_H2S,air2_SP,426.0,812.0,52.46305418719212,-0.04926108374384237,0.0
73,B35_H2S,HEATER2_output_T_SP,942.0,1220.0,77.21311475409836,-0.5442622950819672,0.0
73,B35_SO2,air2_SP,1280.0,1280.0,100.0,1.0,100.0
73,B35_SO2,HEATER2_output_T_SP,913.0,1156.0,78.97923875432527,-0.5951557093425606,2.0761245674740483
74,B35_H2S,air2_SP,442.0,796.0,55.527638190954775,-0.11055276381909548,0.0
74,B35_H2S,HEATER2_output_T_SP,930.0,1226.0,75.85644371941272,-0.5171288743882545,0.0
74,B35_SO2,air2_SP,1280.0,1280.0,100.0,1.0,100.0
74,B35_SO2,HEATER2_output_T_SP,910.0,1164.0,78.1786941580756,-0.5738831615120275,4.123711340206185
75,B35_H2S,air2_SP,434.0,824.0,52.66990291262136,-0.05339805825242718,0.0
75,B35_H2S,HEATER2_output_T_SP,946.0,1206.0,78.44112769485903,-0.5688225538971807,0.0
75,B35_SO2,air2_SP,1280.0,1280.0,100.0,1.0,100.0
75,B35_SO2,HEATER2_output_T_SP,911.0,1148.0,79.35540069686411,-0.6202090592334495,3.9198606271777003
76,B35_H2S,air2_SP,382.0,818.0,46.69926650366748,0.06601466992665037,0.0
76,B35_H2S,HEATER2_output_T_SP,956.0,1208.0,79.13907284768212,-0.5827814569536424,0.0
76,B35_SO2,air2_SP,1280.0,1280.0,100.0,1.0,100.0
76,B35_SO2,HEATER2_output_T_SP,953.0,1150.0,82.8695652173913,-0.6313043478260869,8.26086956521739
77,B35_H2S,air2_SP,432.0,822.0,52.55474452554745,-0.051094890510948905,0.0
77,B35_H2S,HEATER2_output_T_SP,942.0,1200.0,78.5,-0.57,0.0
77,B35_SO2,air2_SP,1280.0,1280.0,100.0,1.0,100.0
77,B35_SO2,HEATER2_output_T_SP,889.0,1134.0,78.39506172839506,-0.6225749559082893,7.142857142857143
78,B35_H2S,air2_SP,428.0,790.0,54.177215189873415,-0.08354430379746836,0.0
78,B35_H2S,HEATER2_output_T_SP,958.0,1212.0,79.04290429042905,-0.5808580858085809,0.0
78,B35_SO2,air2_SP,1280.0,1280.0,100.0,1.0,100.0
78,B35_SO2,HEATER2_output_T_SP,939.0,1150.0,81.65217391304348,-0.6313043478260869,13.304347826086957
79,B35_H2S,air2_SP,398.0,796.0,50.0,0.0,0.0
79,B35_H2S,HEATER2_output_T_SP,976.0,1208.0,80.79470198675497,-0.6158940397350994,0.0
79,B35_SO2,air2_SP,1280.0,1280.0,100.0,1.0,100.0
79,B35_SO2,HEATER2_output_T_SP,910.0,1140.0,79.82456140350877,-0.6771929824561403,12.456140350877194
80,B35_H2S,air2_SP,378.0,838.0,45.10739856801909,0.09785202863961814,0.0
80,B35_H2S,HEATER2_output_T_SP,994.0,1224.0,81.20915032679738,-0.6241830065359477,0.0
80,B35_SO2,air2_SP,1280.0,1280.0,100.0,1.0,100.0
80,B35_SO2,HEATER2_output_T_SP,940.0,1156.0,81.31487889273356,-0.6851211072664359,15.916955017301039
81,B35_H2S,air2_SP,472.0,824.0,57.28155339805825,-0.14563106796116504,0.0
81,B35_H2S,HEATER2_output_T_SP,940.0,1220.0,77.04918032786885,-0.5409836065573771,0.0
81,B35_SO2,air2_SP,1280.0,1280.0,100.0,1.0,100.0
81,B35_SO2,HEATER2_output_T_SP,915.0,1140.0,80.26315789473684,-0.5894736842105263,22.017543859649123
82,B35_H2S,air2_SP,384.0,784.0,48.97959183673469,0.02040816326530612,0.0
82,B35_H2S,HEATER2_output_T_SP,1004.0,1228.0,81.75895765472313,-0.6351791530944625,0.0
82,B35_SO2,air2_SP,1280.0,1280.0,100.0,1.0,100.0
82,B35_SO2,HEATER2_output_T_SP,927.0,1164.0,79.63917525773196,-0.6804123711340206,26.374570446735394
83,B35_H2S,air2_SP,406.0,814.0,49.877149877149876,0.002457002457002457,0.0
83,B35_H2S,HEATER2_output_T_SP,978.0,1212.0,80.6930693069307,-0.6138613861386139,0.0
83,B35_SO2,air2_SP,1280.0,1280.0,100.0,1.0,100.0
83,B35_SO2,HEATER2_output_T_SP,948.0,1142.0,83.0122591943958,-0.670753064798599,5.516637478108581
84,B35_H2S,air2_SP,426.0,790.0,53.924050632911396,-0.07848101265822785,0.0
84,B35_H2S,HEATER2_output_T_SP,976.0,1228.0,79.47882736156352,-0.5895765472312704,0.0
84,B35_SO2,air2_SP,1280.0,1280.0,100.0,1.0,100.0
84,B35_SO2,HEATER2_output_T_SP,911.0,1144.0,79.63286713286713,-0.6433566433566433,16.87062937062937
85,B35_H2S,air2_SP,436.0,838.0,52.02863961813843,-0.0405727923627685,0.0
85,B35_H2S,HEATER2_output_T_SP,946.0,1216.0,77.79605263157895,-0.555921052631579,0.0
85,B35_SO2,air2_SP,1280.0,1280.0,100.0,1.0,100.0
85,B35_SO2,HEATER2_output_T_SP,819.0,1130.0,72.47787610619469,-0.6353982300884956,42.21238938053097
86,B35_H2S,air2_SP,436.0,800.0,54.5,-0.09,0.0
86,B35_H2S,HEATER2_output_T_SP,932.0,1206.0,77.28026533996683,-0.5456053067993366,0.0
86,B35_SO2,air2_SP,1280.0,1280.0,100.0,1.0,100.0
86,B35_SO2,HEATER2_output_T_SP,826.0,1118.0,73.88193202146691,-0.6350626118067979,34.16815742397138
87,B35_H2S,air2_SP,402.0,808.0,49.75247524752475,0.0049504950495049506,0.0
87,B35_H2S,HEATER2_output_T_SP,992.0,1226.0,80.91353996737357,-0.6182707993474714,0.0
87,B35_SO2,air2_SP,1280.0,1280.0,100.0,1.0,100.0
87,B35_SO2,HEATER2_output_T_SP,879.0,1170.0,75.12820512820512,-0.6512820512820513,37.35042735042735
88,B35_H2S,air2_SP,442.0,802.0,55.11221945137157,-0.10224438902743142,0.0
88,B35_H2S,HEATER2_output_T_SP,940.0,1220.0,77.04918032786885,-0.5409836065573771,0.0
88,B35_SO2,air2_SP,1280.0,1280.0,100.0,1.0,100.0
88,B35_SO2,HEATER2_output_T_SP,771.0,1138.0,67.75043936731107,-0.6203866432337434,45.07908611599297
