,QV1_AI01,QV2_AI02,SV1_FI05,SV2_FI06,SV3_TI06,SV4_TI01,SV5_PI06,SV6_AT02,SV7_TI02,SV8_TI03,SV9_FT04,SV10_TI04,SV11_TI05,SV12_TI07,SV13_FIC02,SV14_TI08,SV15_TIC12,SV16_TI09,SV17_PI04,SV18_PIC03,SV19_TI10,SV20_PI05,SV21_TI11,SV22_PIC02,SV23_FIC01,SV24_FIC02
t+1,0.4370019500840504,0.5254426405462568,0.40565492993533137,0.518499374357676,0.08146909987037843,0.5045361955009577,0.23467580359349138,0.5610834967236346,0.23019427557932925,0.28098444589918936,0.4008887083747392,0.04385870707530792,0.26650092929040703,0.02087168726864097,0.5184170919618305,0.13858588330861166,0.02064317129096538,0.027574161415773624,0.014491585523360828,0.02084628079070039,0.019658183201028856,0.21839763309827542,0.49602471252374525,0.034843770927248996,0.2018969108604426,0.013996801625860589
t+2,0.5255350897817137,0.5970959579670794,0.4134107436543841,0.4967193865648325,0.12979448985374087,0.5319713183888839,0.24392478347346458,0.6368632590586358,0.3064489422537878,0.3604675078033819,0.42679250982199024,0.0546710061776321,0.28863931030612355,0.09644968492002381,0.5165700653884824,0.15452371868275305,0.02163053866587572,0.022877105984206003,0.00833437685537064,0.013401098621114604,0.04655324309906572,0.23309902175191866,0.46279744811750456,0.02616717712978367,0.26185052614583937,0.031275788469553034
t+3,0.6157653735426665,0.650003422687335,0.41323936823254637,0.4740639697634772,0.16548885995127738,0.5561119300375735,0.25488457583516444,0.6846123356497061,0.36503856872781704,0.43947403538673246,0.44628601357138054,0.057591733008732215,0.30261110325970975,0.17377561708882205,0.49982167435028235,0.16555763672968427,0.026340494836468165,0.017723695467180556,0.004217674399104143,0.01493125049928401,0.04418905192456413,0.23833665572961849,0.4435401416760957,0.01373906958078519,0.31961049298785005,0.03663407124256257
t+4,0.6884146787796479,0.6737364726064441,0.40590077361532706,0.4527888307614588,0.18932370291990608,0.5738856009513764,0.25979596602325594,0.7013811489298206,0.4095292045617337,0.4961980504138711,0.4553721330895478,0.055843059828219466,0.3100048567431729,0.23424135357272258,0.4728139622343025,0.17150119158390642,0.030906781942628303,0.014537639104086453,0.0014621679713747726,0.01879168653911978,0.03648675594451212,0.2380874359159184,0.43151326661266687,0.005350378714887083,0.36493259961517943,0.03662107863310482
t+5,0.7384352880007712,0.6739296835348265,0.3950335280249081,0.4338078844413844,0.2037753470020084,0.5846189513077035,0.25882639657053985,0.6951445758166145,0.4398308320062254,0.5297250195526966,0.455116494137054,0.051939390970791255,0.31165445055116325,0.27485953737204893,0.4422156587091247,0.17386829322244368,0.033945254024182914,0.013533372040194003,0.00011825957714572954,0.02202156150478629,0.03052421528205551,0.23461576018473962,0.4221800812614581,0.0015008441223840485,0.39674153163352466,0.03394064234732441
t+6,0.7690732525654,0.660874277551978,0.38371162039375184,0.4176350636973105,0.21159967474879116,0.5896650885965407,0.25454724226655345,0.6765093697042779,0.45858919009078114,0.547404866946019,0.4490813785210338,0.04749394443175903,0.30940711528983533,0.2995674180591956,0.4130272868195619,0.1740296072328278,0.03561115694298278,0.014016278824754203,0.00014726331475556353,0.02394605035289399,0.027417649198734795,0.2296687968600868,0.4139286103272882,0.0004996261327193663,0.4175478002156623,0.03035782726970082
t+7,0.7860225491544873,0.6428885243921689,0.37381581128681673,0.4043880425359605,0.21515565065681164,0.5910073070383963,0.249239248813515,0.653700872148133,0.46926171915700343,0.5563803625726926,0.4405991388021939,0.04348923334929111,0.30524050175141415,0.31361382692228323,0.38785659120776395,0.17300885546096878,0.0363871625094615,0.015237121724110514,0.0011932952529821739,0.024807020828566007,0.026476016738457342,0.22445086696696137,0.40654318158814573,0.0008106420310070028,0.43049709027710825,0.02692744020670379
t+8,0.7944116902453668,0.6249006322244097,0.36627016801313705,0.39388752948599537,0.21619711722735047,0.590333172973403,0.24421197775935422,0.631606368706646,0.4747868494605978,0.56104099428459,0.4318753439842993,0.040269587806746276,0.3005893979872962,0.32121596755549797,0.3675067571482842,0.17147751741553774,0.036668885160565656,0.01671719632367097,0.0027246217481587953,0.02508013611583626,0.026817753341476402,0.21962415304366334,0.4001692514370214,0.0015225956667109797,0.4382512980559251,0.02413506487010586
t+9,0.7979270113011241,0.6091932188936442,0.3616797582615706,0.3857711619633265,0.21591384900541177,0.5887775048726567,0.23987155135419902,0.6125166749468516,0.4772526125677454,0.5636370470573473,0.4240900475799074,0.03758660215963949,0.29624671761206844,0.32515867623537753,0.351748234703379,0.16977860677600165,0.036726836383935035,0.018336503452652697,0.004256635744851245,0.025247077310514343,0.027946389212449074,0.21535472531386568,0.39494055905939596,0.0021654222450026017,0.44274517789374146,0.022096093653872773
t+10,0.7989128824547833,0.5964643906800615,0.359589433451576,0.37964281438792347,0.21503868937749937,0.5869955437475063,0.2363781986083915,0.5971173084019128,0.478014871780324,0.5653809474943348,0.417706115030157,0.035207027734886154,0.29256287636098643,0.3270932447336232,0.33992991128452377,0.16815479511848175,0.036763227962655964,0.019842050150591706,0.005761769339675871,0.025363415569474745,0.02933718528030904,0.21176835422136098,0.3908220188389704,0.0025349935667775547,0.4452750722606438,0.020733183435152402
t+11,0.7987356712009531,0.58661664960565,0.3585154898296843,0.37517657227186063,0.2139689811659662,0.5853117365088325,0.23405797596915712,0.585248935625647,0.4779007839045819,0.56686875015473,0.4127426961913695,0.03327693166216472,0.28977060487758666,0.3279427932366522,0.3313307271590551,0.16682399137049375,0.03668396857391554,0.020907366374388503,0.00726748168798852,0.025303678658791906,0.03046928437481078,0.20921413671450573,0.3876754688635847,0.002657194259774176,0.44666491033697064,0.019892247622364745
t+12,0.7981316122350448,0.5792261887674088,0.3579399126797731,0.37201232585647503,0.21292579829128133,0.5838597557155303,0.23278541099723893,0.5763876965843573,0.4773898021638451,0.5682224320118467,0.4090220525480067,0.031840901180977155,0.2877572835074006,0.3282315249303126,0.32521786341309633,0.165843314527082,0.03655427802452649,0.021592061873269786,0.0086585584667499,0.025196102385708463,0.031313649230791274,0.20762557917039182,0.38535529357844156,0.0026272873467185764,0.44741531147384084,0.019413946047244002
t+13,0.7974618357383535,0.5737915358939474,0.3577851735466435,0.36982544449111665,0.2120053493574614,0.5826799565532923,0.23229787815228709,0.5699154022553711,0.47674186655907,0.569401290375446,0.40622091353702117,0.03081913341414455,0.2863299768550587,0.3282423515074383,0.32095581516189375,0.16517394445524491,0.03641960545427447,0.02203262416213947,0.009841598520052619,0.02512568809820348,0.03194526792648178,0.20679590193337483,0.3837213487243114,0.0025227905290481356,0.44782019911921234,0.01916406429204931
t+14,0.7968790398768539,0.5698488559771622,0.35797837041464253,0.36835956226747035,0.21123268930948802,0.5817633890663018,0.2323884217325397,0.5652602976679871,0.4760952565815151,0.5703679485860327,0.4040861910580522,0.030105330762897453,0.28532370528416207,0.3281217450718764,0.3180427407437034,0.16474788856020228,0.03629379795209653,0.022320423259767685,0.010794192052588358,0.025105904365748888,0.03241887637720653,0.2065523463650908,0.3826410352623626,0.002389556698593198,0.4480446712629903,0.01904565286824278
t+15,0.7964302603890616,0.5670140811862907,0.3584491113517594,0.3674181616555168,0.21060429865352825,0.5810755103227078,0.2328985005835471,0.5619462339692778,0.47551910511374695,0.5711218686601645,0.4025150983070711,0.02960688869870931,0.2846260288606416,0.3279498126527163,0.31609381449292107,0.16450054688603633,0.03618040446801263,0.022511911794291017,0.011532553494196685,0.025122535519021327,0.03277058309688807,0.20675317693266315,0.3819937900295308,0.0022555039175129465,0.4481764194458986,0.018995543779785518
t+16,0.7961126231320012,0.5649882518651581,0.35914052432242694,0.3668512136850508,0.21010139660234295,0.5805781365905243,0.2337128003808443,0.559603167359614,0.47504080448201114,0.5716911334580006,0.4013858036193305,0.029258863192690776,0.28415946094490885,0.32776927067155004,0.31482595713767325,0.16437509871785727,0.03607978786424748,0.022639931945118486,0.012085443524186612,0.025157906459292834,0.03302623014023898,0.20728672014768623,0.381677907570262,0.002134908687871029,0.44826263311146175,0.0189763978643821
t+17,0.7959058888995563,0.5635461210199689,0.3600047427666885,0.366548013346949,0.20970288656564084,0.5802367842771867,0.23474506324947053,0.5579513338203137,0.47466565397316784,0.5721167368550168,0.4005854271596969,0.02901476744977638,0.28385965680095315,0.32760472741912405,0.3140310657775842,0.1643288111519724,0.035990612095703534,0.02272605616099599,0.01248882220470704,0.02519881428220927,0.033209279527355307,0.20806808796198317,0.3816105819752931,0.0020341841944664374,0.44832572819355143,0.018967269426625855
t+18,0.7957839846746098,0.5625204619164148,0.3610074730992968,0.366428909193943,0.20938739875004775,0.5800228529530715,0.2359392570617247,0.5567864419030979,0.4743874229581211,0.5724398588575439,0.40002179743076804,0.028847257833166995,0.28367669235011184,0.327464024566987,0.31356272505767346,0.16432983242729127,0.03592097418066875,0.022780796110628554,0.012768666222036984,0.025233331416455007,0.03332976217992256,0.20903408305689164,0.38172768765920373,0.0019573796336217475,0.44837884147070617,0.018943492082036606
t+19,0.5523421652159981,0.4582231336577768,0.29903815530093336,0.36711830594948724,0.06106433930329713,0.45923433717291495,0.16090530205174614,0.5213714777654752,0.18586355420030043,0.41752098645476765,0.24390485219054547,0.04034467600735514,0.19725351545000347,0.08707861034464581,0.37006738530817695,0.08164243663481652,0.026238940166469993,0.005733440185341276,-0.0472234917338854,-0.014497450319596705,0.024302232163543103,0.14255471782365547,0.3683634229628706,0.020102495871947235,0.18057686629392222,0.018664432611710247
t+20,0.6221865258553116,0.5210569391204471,0.32325746839448166,0.3642861849443144,0.10576846543104823,0.4842703241399433,0.1839364806941891,0.5736123820145539,0.25649613122590387,0.4753889162999604,0.304213193164972,0.040414960913158327,0.2272837839277826,0.15668375351277564,0.37460261637954884,0.11328692969107501,0.023372960221079042,0.008230252978042585,-0.036129104277781376,0.0009452590596390475,0.03798523144014487,0.17506513884249875,0.3495343479025519,0.014490361669742047,0.24888982466750376,0.03752285002754985
t+21,0.6828895939977431,0.5697106311231361,0.34087371628497487,0.36472165974487747,0.14088858952326844,0.5092137852919665,0.20675396176842542,0.6098511369751054,0.31494742771367856,0.5193480306380953,0.35158432150316554,0.03791591419544571,0.2518943833892112,0.22072887657824436,0.3745462651597419,0.1381484372872348,0.0244893506158268,0.01137351700931577,-0.021979784550367976,0.011401506232008085,0.038040080493889294,0.19586959447551167,0.3489440686552193,0.005760106311489377,0.3126028996573722,0.04093143379934083
t+22,0.7294021545725579,0.5969422830210894,0.3526580904606693,0.36698999828377876,0.16627585096371356,0.5308695106253145,0.22344161630618065,0.6252389246756288,0.36273070845021993,0.5453497671641521,0.38332164850599826,0.0346877651776728,0.26990951540177155,0.268266226082148,0.3695842636994614,0.1548018352652335,0.026662109273009937,0.014533842967529131,-0.010895179015285361,0.018350718668083243,0.034985079738410585,0.20926163740452097,0.35696670818989296,-0.0002662785806404333,0.3615868347917943,0.03843591306496419
t+23,0.7608526046685905,0.6064025809095808,0.3606484964999308,0.3693849807896735,0.18339408175177574,0.5475787479214695,0.2340944462770489,0.6248853139838009,0.39866487986126176,0.5571934586822803,0.40144734849246266,0.03168397873839157,0.2812597146045974,0.2985250320650765,0.3617651100110827,0.16473860031004706,0.02856520397718698,0.01683585501928042,-0.003726810181955198,0.022200520438743654,0.03182795752339207,0.2173372800369806,0.36646130633832386,-0.0031803340580895956,0.39550825736941897,0.03389778363570284
t+24,0.7799707067419276,0.6051126468611148,0.3661856336401388,0.37115341014688785,0.19432234589939257,0.5594418932782177,0.24053212641002608,0.6160607427125304,0.42415468627466557,0.5612335352856563,0.41003336285854475,0.029363858937393128,0.2873046398536613,0.31564189733965786,0.35312927024589724,0.16987904480618532,0.03004771585544752,0.01818520697075976,0.0004944393745973663,0.023878247665288788,0.029503532066370908,0.22182536966724453,0.37438623394381354,-0.0040002843881885575,0.4175011913992486,0.029272847558824977
t+25,0.7904996272119004,0.5988885086293705,0.3701530303668754,0.3721450581205582,0.2009901005581698,0.567463348110542,0.24448982629372518,0.604262193882102,0.4416230691428188,0.5622577411483265,0.4128391274637989,0.027853167605281004,0.2898376770917169,0.32439048595815956,0.34496713389747347,0.1718878452410657,0.031243460097483355,0.018896696358041254,0.00298056151825965,0.024335016327615144,0.028182524605286363,0.22413926587294586,0.38009593384180185,-0.0036764055558520248,0.4310965174072352,0.025420555258038324
t+26,0.7956833473303837,0.5913016324516273,0.37314939611894493,0.3724892173697748,0.20488575814288534,0.5727700438856329,0.24715613910371947,0.5926453918122593,0.4533478918028413,0.5627471557291639,0.41254132006321487,0.027067572396545114,0.29037758375864464,0.32839390931100054,0.33790089136812373,0.17204834014204906,0.03226155279225695,0.01931515046670651,0.004625408223781768,0.02426229844085659,0.02772132889842749,0.22529955684918757,0.3838911212519176,-0.0028374071664591938,0.4391734538986648,0.022556992151776534
t+27,0.797829980676443,0.5841384766565805,0.375580354811637,0.3723966504353523,0.20704976925247864,0.5762734420471365,0.24922333992647372,0.5826396936087906,0.46110263972445953,0.5635840675268846,0.4108167151725223,0.026829548215084764,0.28995931681843634,0.32992962650394764,0.3321213926793749,0.17126981335795854,0.033151033531211294,0.01966537886534403,0.005922846263482273,0.02406295037573103,0.02788219418649507,0.22596428485345743,0.3862937508942814,-0.0018490941907642888,0.4437964840051608,0.020589292151184768
t+28,0.7984071952630545,0.5780984594034162,0.3777128198445945,0.37207590898566456,0.20817389855851764,0.5786083739327638,0.2510542057892148,0.5746601851532465,0.466164390270311,0.5648483644314788,0.4086361112268091,0.026940485556253946,0.28920552090818075,0.33027498388446286,0.3275919732752328,0.1701389633500887,0.033915456021430535,0.02004458476079607,0.007080921577109378,0.023924474325116574,0.02842846921284581,0.2265188780717451,0.38778585232604157,-0.0009078278219254443,0.4463389143877544,0.01931714838586207
t+29,0.7982728043060037,0.5733182280904044,0.3797118823683924,0.37168527586495226,0.20869513573356746,0.5801954064328858,0.2528237983367235,0.5686114688929633,0.4694222910336202,0.5663317151557863,0.4065052508208403,0.027227262225094084,0.28844676197049113,0.3300942426142628,0.32417019513136036,0.16899743244513799,0.034547625280728855,0.02046509447919298,0.008153046594545743,0.023902354463345654,0.029167013804178077,0.22716516599645997,0.388733100635949,-0.00010830418315821433,0.44767454882838187,0.018533792212324318
t+30,0.7978873345750745,0.569680343599092,0.381670589574276,0.37133127394953713,0.20887977234966193,0.5813022448202106,0.25460947080989205,0.5641860746076978,0.4714885021357518,0.5678041790678625,0.4046540032030598,0.02755793322742628,0.28783128068221575,0.32971015340244136,0.32167755349815474,0.16801453202199157,0.03504517544262731,0.02090310525584904,0.009130763828340549,0.023986032224853293,0.029956244083522376,0.22799127382541062,0.3893852775888845,0.0005165191060760854,0.44834342753069845,0.018080182647370213
t+31,0.7974765938912575,0.5669813095393507,0.38363879041290794,0.3710701537959349,0.20888778502421934,0.5821006251923092,0.2564423654425878,0.5610308016206601,0.47277488295335834,0.5691167272340326,0.40316129419093116,0.02786204645682877,0.28740609280127793,0.32927427583017355,0.31993039013242286,0.16725071059423646,0.035419034688226714,0.021322797069495247,0.009987319708726905,0.024136854283232867,0.0307007846262235,0.22902037551198862,0.3899036174041247,0.0009725114688149405,0.44865774334133324,0.01782930922867776
t+32,0.7971349102589251,0.5650144695892976,0.38563682960289547,0.3709226840374136,0.20880857981266354,0.5826997649509218,0.2583318382764461,0.5588250411538973,0.47355941074750096,0.5701973307388807,0.40201844351265414,0.02810612282394742,0.28716738988184554,0.3288547307078702,0.31876180573669133,0.1667051576448607,0.03568565101450982,0.02169685102737129,0.010706120118980644,0.024314724035545243,0.03134716258792292,0.23024506181463922,0.39038213359663454,0.0012871971991202935,0.44879272937045667,0.0176939943439679
t+33,0.796888575587096,0.563599009976866,0.3874000673771465,0.3708723049370618,0.20869280824889536,0.5831628540790412,0.2600366389886043,0.5573026928414945,0.4740242022825448,0.5710480344608786,0.40118252121960263,0.028302240112668242,0.28700799521766174,0.3284861592822078,0.318019868522865,0.1663338729111753,0.03590832496950114,0.022009338175882465,0.011267906081557033,0.02448127461300753,0.03186650515158451,0.23142319782105503,0.3907723274216731,0.0015022222046183753,0.4488335571563885,0.017626854487849064
t+34,0.7967326501888337,0.5625928519840298,0.388992769035462,0.3709074693414921,0.208568065757599,0.5835365105698902,0.26154007881489194,0.5562639492900843,0.4742909640175206,0.5717051884575625,0.4005951331794958,0.028467750033118633,0.2869202451777251,0.328181007552534,0.31758860307091874,0.1660913458702007,0.03610307541951474,0.022257161143671267,0.011672828437223837,0.024611624044350133,0.03225666130407312,0.23251953230650924,0.3911085871506813,0.0016555065632957167,0.4488334687570191,0.0175978156732296
t+35,0.7966508468484264,0.5618840780448321,0.3904502247405027,0.3710100349255925,0.20845123644109487,0.583854438488894,0.2628363794296241,0.5555612689972269,0.47443899208517804,0.5722103311669049,0.40019770283451417,0.028617150900645094,0.28688821086866545,0.327940689700567,0.31737743466344703,0.16593853955738636,0.036284169282320256,0.022444992903352556,0.011934753255765762,0.02469530238851836,0.03253025406096688,0.23350834014313093,0.3914038708076715,0.0017735887774320558,0.44881318709297136,0.017590098963399803
t+36,0.7966231131285824,0.5613927947547375,0.39177830536247893,0.37115853910757135,0.20834907056268803,0.5841461657193197,0.26392431109213166,0.5550934853980267,0.4745222331403698,0.5725983640539181,0.39993804131825594,0.02875570452152687,0.2868867895732553,0.32776191091085805,0.3173156187554349,0.1658461711642184,0.03646314381327853,0.022582611485138626,0.01207694424740624,0.02473228904605307,0.03270648850707614,0.23436928449468042,0.39166132449778657,0.0018713314784265522,0.4487856545534782,0.01759642065335576
t+37,0.5509939303240836,0.45370465216474665,0.3299269907324863,0.3660322246853155,0.05855214548008569,0.45945414673729035,0.18011479938774855,0.5155101641551787,0.18407975751477845,0.4173403045044344,0.23742175435736523,0.04040492411488861,0.2005619850026178,0.0857520396172965,0.368738437522249,0.08047268540755537,0.02617263352467203,0.005725598863920434,-0.04725162888823875,-0.014156133797575965,0.023323554064199947,0.16165443669495905,0.3796863056585573,0.020119670814169544,0.18049772405474118,0.018441334276983135
t+38,0.6212082472250484,0.518191534995093,0.3545777031494345,0.3649421968466341,0.10410734567015867,0.4864295821920208,0.20438501297644174,0.569842710169292,0.25534799994495927,0.4751912430889018,0.29998416807491823,0.04066291782077269,0.23093332996821292,0.15569318985984393,0.3745876481143725,0.11281506126259055,0.023557389871275203,0.008188931171519531,-0.03664713740481429,0.0009747276041298658,0.037280261192747854,0.197327327034855,0.360165045049636,0.014600677904167636,0.24891082249498309,0.037008785000356204
t+39,0.682324535361579,0.5680588459679685,0.3716199245064632,0.3666714002563741,0.13975735441313863,0.5128046501367728,0.22853014114141168,0.6076682504048199,0.3143769853949867,0.5191377203538743,0.34890080453453776,0.03833919263802432,0.25568484641769273,0.22004078396796511,0.3756528645782887,0.1382151194780371,0.02516165272330717,0.011330788861605101,-0.022957094333518446,0.01119929602198455,0.03734544243532123,0.21918428189058548,0.3589099105129707,0.005916689174305101,0.31269186513474634,0.040286231720766064
t+40,0.729193634568853,0.5961009044391176,0.38220623789540686,0.36984574823600436,0.1654698877387406,0.5353827200729335,0.2453960923272258,0.6241065467169244,0.3625979762805167,0.5451508313937254,0.38170464520714564,0.035248286228735215,0.27370656420604267,0.26783259875295984,0.37158980085829607,0.15523613106294354,0.02801832544263494,0.014512175867337884,-0.01224093649987501,0.017965942270718127,0.0342256879528674,0.23218203965312967,0.3662783811484941,-6.0887105008511355e-05,0.36169374043336466,0.037761585967405864
t+41,0.7609324762253845,0.606077302643858,0.3886622074337166,0.37280102792781156,0.18278771734062604,0.5526230763693898,0.25527733712667533,0.6243894490317843,0.39881828859986335,0.557051327259281,0.4005819664474849,0.03234417031189485,0.2849346441927545,0.29832241085142497,0.36441460672046744,0.1654050869697452,0.03060086801620321,0.01685339102432737,-0.005343896490564326,0.02166307403098855,0.03100623291351856,0.23901660428774252,0.375104793922018,-0.0029158289000501547,0.3955921822721248,0.03326248019284561
t+42,0.780277520022494,0.6051073113696872,0.39248212023388396,0.37485075949770863,0.19385150987255095,0.5647259524381725,0.26041971720460966,0.6159281396003787,0.4244725599049163,0.5612001338289938,0.40971344272911214,0.030100886687245754,0.2907798935182382,0.31566284977600134,0.356179306224773,0.17068011095643554,0.03273810986800085,0.01825882545291513,-0.00132215783561751,0.023209410776530826,0.02864451130656398,0.24185890661219744,0.38234701233174784,-0.00367036459817327,0.41753867596173355,0.02872312885481465
t+43,0.7909786947523181,0.5990806203343211,0.39460689198436405,0.3759159568604171,0.2006409428832805,0.5727750229289196,0.26289707602056656,0.6043297825772502,0.4420254618826307,0.5623668332317657,0.4129137794048434,0.02865180648177812,0.2930988987234666,0.32463011307288636,0.3482117063159127,0.1727585684666041,0.034580198913803706,0.01904440393901441,0.0010248583388713373,0.023556417497174853,0.027312907399041464,0.24242273880810672,0.38737588164626113,-0.0032831436960099047,0.43107677995734184,0.024986171821187342
t+44,0.7962853327061234,0.5916164954794584,0.3956715357393108,0.3761880911325315,0.20467404282920154,0.5779636553872698,0.26407896259387686,0.5928249943118731,0.4537912004320065,0.5630187924386697,0.4128809019373052,0.02791518604894838,0.29345203214662685,0.3288433857009321,0.3411766373476526,0.17294357188644927,0.03621133564460832,0.019553593028872607,0.002587352553791722,0.02339804150458713,0.026862889800537526,0.24188345323370342,0.39050728115668487,-0.0023898869416467683,0.4390951316636388,0.02225722663730978
t+45,0.7985104866122746,0.5845348576577243,0.39611892090287903,0.3759334156097379,0.2069735295247409,0.5812896434832489,0.26465268991724467,0.5828964514184962,0.4615628544562542,0.5639713936494928,0.4113448716289544,0.027689057694738284,0.29285154451707074,0.3305544449700878,0.3353240815043924,0.1721667340211801,0.037434185327091085,0.01998897193973115,0.0038702579461598052,0.02313915132999711,0.027050085464636053,0.24090356889521236,0.39225602046829067,-0.001378354948227134,0.4436616554065801,0.02042889224713451
t+46,0.7991281187824435,0.5785556876668623,0.39620935652316636,0.3753938542610884,0.20821415639019758,0.5834327079294441,0.26495177060736363,0.5749847806900492,0.46662695830032686,0.5653180261589217,0.40929050074417817,0.027779157553492806,0.2919004381656055,0.33103071638213866,0.33065216261126396,0.17103158603912838,0.03833113998696014,0.020430264464438186,0.005069102094149902,0.022966354772799846,0.027634437330747885,0.23984317850101766,0.39310208105277145,-0.0004504733149246487,0.446154032816083,0.01929295555220656
t+47,0.7990017367012927,0.5738258502816596,0.39611954431567387,0.37474866020846576,0.2088291769180004,0.584839098214498,0.2651409543940665,0.5690070672636723,0.46987995483247436,0.5668742607581394,0.40723555459902494,0.028029591860384562,0.29091913934627467,0.33093683350427117,0.32703897020839123,0.1698807699818956,0.03900965760976216,0.020888991820730785,0.006207814164405967,0.022931261143049997,0.028418736227050156,0.23888802894778716,0.3934067077044029,0.00031201943192338266,0.447447461076396,0.01863742330985152
t+48,0.7985978471258078,0.5702327840749783,0.395961755314582,0.37411792713524417,0.20909634303355096,0.5857626591598168,0.2652993466954142,0.5646543762092098,0.4719384016933835,0.568416298104337,0.4054173081091592,0.028327697376195005,0.2900646313795334,0.330601077473215,0.32432065383690034,0.1688726203012143,0.03953637244108743,0.02134822282649984,0.00724974876007356,0.02301207609807876,0.029253286565669168,0.23811863265349742,0.3934199779047223,0.0008934698766536187,0.44807492871720067,0.018289155084593833
t+49,0.7981482297039888,0.5675743794328881,0.39580107510619755,0.37356794835768314,0.20918238743644546,0.5863647238960996,0.2654515696474119,0.5615708825656875,0.4732158824136362,0.5697891678746363,0.4039228555939661,0.02860303491443794,0.2893888566414943,0.3301815992526764,0.32232646389008035,0.16806162815395842,0.03993137799976498,0.02177852285112669,0.00815766536230933,0.023163969613544277,0.030038589673688,0.23754175824617174,0.39330237331447004,0.0013079174813734884,0.44834906249889706,0.018121479695230813
t+50,0.7977531651217908,0.5656444796118079,0.3956695776614949,0.37312533883598054,0.20917768383377255,0.5867582474857955,0.2655985119344244,0.5594361588677207,0.47399110119765075,0.5709189390168754,0.40275203853840236,0.028818623492522177,0.28888935217992817,0.32974704905332564,0.32089978481906656,0.16744948758667322,0.040214013418903294,0.022155991375985562,0.008912677733962426,0.023343498993423473,0.030719557654155683,0.23713344863837382,0.39314779156293234,0.0015835466770638407,0.4484455372421562,0.018049962526670682
t+51,0.7974431014122461,0.5642652857449449,0.39557802997653235,0.37279039086321275,0.2091362043362276,0.5870240989834462,0.26573823742296687,0.5579879995704002,0.47445025764793436,0.5717997200337619,0.40186848688653787,0.028968623791674752,0.2885390701646623,0.32933099524693177,0.319902160121771,0.16700549360568984,0.040406047714932836,0.02246755634697073,0.009512123455491794,0.023519493829233906,0.03127401694035736,0.23685814914040726,0.3930013455065009,0.0017535681045441898,0.44845584581406017,0.018026287359916404
t+52,0.7972170609375062,0.5632954069406982,0.39552551501163546,0.3725522149958431,0.20908610054853238,0.5872084085999384,0.265866316220148,0.5570251219455178,0.4747147341323811,0.5724612792243913,0.40121992047807886,0.029060144226443207,0.2883070095274902,0.32894902064737175,0.31922201222206736,0.16669078432156614,0.04052790561543551,0.022712325328398286,0.00997034476070291,0.02367400273631659,0.03170477052236109,0.23668323592236995,0.39288742563822643,0.0018503547441686141,0.4484321797458849,0.018022244620866545
t+53,0.7970618017172074,0.5626213045121755,0.3955051133035523,0.3723939709792543,0.20904409772318178,0.5873377730544391,0.26597987403684553,0.5563947825087456,0.47486261562227183,0.5729478977756073,0.40075166076076263,0.029110385104494707,0.28816648118383736,0.3286070991427996,0.3187728452028037,0.16646791070207534,0.040601730554046256,0.022898131176976144,0.010307898801332427,0.02379858116291289,0.03202468892757393,0.23657973225615636,0.39281065035488294,0.0019030043926485662,0.4483939761246506,0.01802352725884937
t+54,0.7969596427939765,0.5621621916294584,0.39551137755207355,0.3722957284324936,0.20901665227422905,0.5874329129671136,0.26608217662806766,0.5559932290738326,0.47494406079852025,0.5733007745136076,0.40041839228511933,0.02913511767792898,0.28809419845911444,0.3283081978580521,0.3184856058106049,0.16630878631825075,0.04064196892208127,0.023035524832736742,0.010547491537434062,0.023891769792236617,0.03225157199724016,0.23652775043905583,0.39277002731525923,0.0019316853263632305,0.4483532841817305,0.018024317705885973
t+55,0.551144614179138,0.45473813119563733,0.33341026555526854,0.36658468068505534,0.05920706384107444,0.46286885123110433,0.1818189155481874,0.5175190959885745,0.18442765978395304,0.4178053894987094,0.23768310475297605,0.0407085337091917,0.20138555845023065,0.08589350685099317,0.369287749867103,0.08064654005051619,0.028028896412655935,0.0058650652448807294,-0.048991969427383486,-0.014590339555297316,0.02401974289142561,0.1632902375316363,0.38081181026494126,0.02022165687498345,0.18070656099615234,0.018502469655460985
t+56,0.6213331838133889,0.519340072387228,0.357103059566255,0.3654665420166132,0.10485611687777086,0.4897576926198628,0.2057201673212372,0.5720874022437952,0.25579207105125645,0.47563835665534915,0.30021927108154833,0.04082948849237045,0.23186179046101674,0.15577986781705067,0.37514286058819624,0.11299536681615985,0.024951344227267747,0.008512906490386607,-0.03821051458235303,0.0007498420996793209,0.03758037346221854,0.19853789533657962,0.36099994492409504,0.014554597705701111,0.24899814759853955,0.03719765563307542
t+57,0.6824171666072474,0.5692655882659018,0.3734194974776791,0.36714567504120454,0.14056433497027965,0.5159223216432361,0.22962296834107088,0.6099467949832287,0.31483488586808905,0.5195417726448397,0.349107299801521,0.0383673599555433,0.25670698228632116,0.22005738394139418,0.3761800791794284,0.13841291265118771,0.026662850763644608,0.01170453827692397,-0.024298991819405646,0.011031542295535157,0.037282578174371195,0.220112251572261,0.35961607688040487,0.0057635224708372235,0.3126612253891039,0.04052367465341433
t+58,0.729251342277893,0.5973153389294699,0.3835248889581967,0.3702601594121696,0.16633100005755708,0.5382267964693808,0.246389101546986,0.6262732826653393,0.36303817151241635,0.5455130725693931,0.3818773809045998,0.035150521266752444,0.274814327832545,0.26775615801791597,0.3720622127868938,0.15544107729433732,0.02957238879697388,0.014862675227449218,-0.013361996929142084,0.017787646304948446,0.03397018176912614,0.2330103019263332,0.3669705442896818,-0.00029074900720327257,0.36156335483021385,0.038002595327832234
t+59,0.7609547881301701,0.6072685754160339,0.3897290701169652,0.3731728248168865,0.18370940683877557,0.5552000119629985,0.2562600512902009,0.6263892194404188,0.3992423971624477,0.5573670779148525,0.40071010960802744,0.032136977445264114,0.2861404200665124,0.2981251391599633,0.36484083594343153,0.16560678055670897,0.0320609423575412,0.017151194375360723,-0.006256187332190688,0.021460188700168636,0.030695816205710047,0.23985060062583297,0.37584065426254876,-0.003205904418250638,0.39538320505372604,0.033482770519256855
t+60,0.7802658575983561,0.6062659573996938,0.3934461572143516,0.3752058724662206,0.19483191903713304,0.5670933795834068,0.261435192515577,0.6177716005082425,0.42489481243226956,0.5614534558726442,0.4097807688881908,0.029793189982995183,0.29208052120437444,0.31531743815866753,0.35658342117821973,0.17087596386072246,0.033938135421728965,0.018491745893029155,-0.002027114984572531,0.02299762487276058,0.02836023353410877,0.2427493244797061,0.38315250876013196,-0.004016669725644295,0.41727020174835405,0.028910088344075713
t+61,0.7909363786871074,0.6002092027205955,0.39555297488906205,0.37627984841616324,0.2016573021893031,0.5750089223549631,0.26392711544856806,0.6060529779862609,0.44245545796549757,0.5625445382032859,0.41291462446522054,0.028251402036898243,0.29445976470499213,0.3241143371285816,0.3486224733275439,0.1729500312059573,0.03538167294483907,0.019203739355564298,0.0005216422219841421,0.023359247727338772,0.0270921375089066,0.2433593950752495,0.38825264315114416,-0.0036855211140960353,0.4307642898626032,0.025133311339151643
t+62,0.7962170255721503,0.5927214774084926,0.396637330262706,0.37657899410157825,0.20568762572874666,0.580131259137632,0.26506169103377575,0.594463408275363,0.4542290117871274,0.5631132506370051,0.41283731170095805,0.027435512092356285,0.2948187436663735,0.32814516881736844,0.34162009747825406,0.1731334397210862,0.03655332613529194,0.019631413369294304,0.0022636098178385744,0.02323337269468284,0.026715477853488157,0.2428134581665703,0.3914400783294911,-0.002844953675362971,0.43875079867913946,0.02236129277398058
t+63,0.7984214723451586,0.5856198057007669,0.3970996377676712,0.37635556430200845,0.20797155886802166,0.5834043742356819,0.2655780270488307,0.5844699556258982,0.4620065132522245,0.5640330223051555,0.41125173594711917,0.027170318068000854,0.2942047006143752,0.3296895913247534,0.33580382129648,0.172346619995278,0.03753927810866964,0.019995510778531456,0.003676741205877243,0.0230155832475043,0.0269713389880738,0.24181146940695986,0.3932355108985026,-0.0018606554074194204,0.4432950822893369,0.020494580470269974
t+64,0.7990237614763511,0.5796216346555774,0.397207053062528,0.37584628044574064,0.2092029370993964,0.5854824896623769,0.26584335354442357,0.5765029414854508,0.4670762720550826,0.5653807497000986,0.4091416235714993,0.027260275610600182,0.2932428863746698,0.33002691054453603,0.3311648124073656,0.17118069430075822,0.03836584837924151,0.020389312024316597,0.004953963250181381,0.022882224902041948,0.027610721268165217,0.24074100836624013,0.3941194068267757,-0.0009262261990676812,0.4457720925712736,0.019326653599525123
t+65,0.7988867436823005,0.5748707813757123,0.39713372474200803,0.3752290444668389,0.20982055600021576,0.5867964842308082,0.2660212156760975,0.570469830818171,0.4703342116409006,0.5669492873742271,0.40702906569268427,0.027536702383197498,0.2922633292796154,0.3298226676807584,0.32758149063747277,0.16997998552735816,0.03903834051988164,0.020822773139445472,0.006135068923539544,0.022877414232786664,0.02843212940256068,0.23978712624313714,0.3944568533089502,-0.0001302007928967175,0.44705504416527486,0.01864660388252337
t+66,0.7984761851550882,0.5712560894724865,0.396992253284128,0.37461954083631177,0.21009929305490105,0.587617333075799,0.26617663057468466,0.5660658908693319,0.4723960102282526,0.5685086685341207,0.4051624567462554,0.027881335850876265,0.29141896100932063,0.3293965445165421,0.32488517503765446,0.1689133770866681,0.03956300720075212,0.02127006431467038,0.007196725280297578,0.022975941294648528,0.0292866671743941,0.23902210737410778,0.3945006128229943,0.0005029532804475823,0.447678556815602,0.018275671445775687
t+67,0.7980235859818788,0.5685782268786728,0.3968459558445804,0.3740832166690392,0.21020321313235746,0.588120706213552,0.26632926141145263,0.5629392768973851,0.4736760248342211,0.5698997417255351,0.4036336724351426,0.02821941326849109,0.2907582173339589,0.32889975856835074,0.32290438497845975,0.168041505217433,0.039952157031576174,0.021695073758931982,0.00810946874706353,0.023133214337465735,0.03007844080279609,0.23845164290733722,0.3944108205720479,0.0009796946597087075,0.4479525490999857,0.018085797087226685
t+68,0.7976291374554996,0.5666317588719341,0.3967271199340353,0.3736469282225877,0.21022311684085415,0.5884187757287829,0.2664788485246251,0.5607684044423982,0.47445321241908756,0.5710459679513973,0.40244301202381827,0.028508792409841055,0.29027925372787255,0.3283961272030884,0.3214834468215675,0.16736769052375644,0.04022451878395106,0.022071418186791814,0.008858832982799214,0.023307433363492613,0.03075533774507333,0.23805240710275233,0.39428208943081144,0.0013232253162088758,0.44805126395290507,0.01799185848297158
t+69,0.7973233885522867,0.5652390567392666,0.39664699076992527,0.37331452936721254,0.21021455957869706,0.588587606923967,0.26662148888761705,0.559290860113293,0.47491333979548567,0.5719370998957414,0.40155528280733876,0.02873701955775676,0.2899573483354878,0.3279159297866854,0.32048876237879176,0.1668653674226862,0.04040081717508792,0.02238476382809873,0.009445539838607298,0.023470006826884937,0.03129797513171895,0.23778844483642947,0.3941611970410006,0.0015616861466336562,0.4480654115147833,0.017945679646763635
t+70,0.7971056529670594,0.5642602767698455,0.3966060958545823,0.3730790956533587,0.21020570703984898,0.5886768706986838,0.26675125978391845,0.558309247287504,0.47517777162282016,0.5725974936808602,0.40091745206147866,0.02890212217974364,0.28976167980972733,0.3274711708521043,0.319814265703379,0.16650134019397045,0.04049983632944021,0.02263329841963313,0.009888007608098048,0.023607176256256746,0.03171310140100414,0.23762692522939743,0.3940730791023539,0.001721071227719695,0.44804647938164543,0.017919796847723046
t+71,0.7969627639097279,0.563583446721792,0.396599830853022,0.3729270909415816,0.2102111949457468,0.5887201492435529,0.2668646272238694,0.5576743235955377,0.4753246088681673,0.5730667727356491,0.4004736537681175,0.029008328731198962,0.28966349970928174,0.32706351430757774,0.3193778603044124,0.16624401770334896,0.04054427521212545,0.022823178833420887,0.010212418294711867,0.023716805708616007,0.03201959234422058,0.23753907091509052,0.39402182682325015,0.0018210761909773776,0.4480136644882724,0.017901164610852116
t+72,0.7968768774386186,0.563128377629609,0.39662396846137393,0.3728418360424015,0.21023582068354285,0.5887371896451228,0.2669641134488173,0.5572826011321723,0.4754036920269965,0.5733890233558672,0.400176082858018,0.029062176879875667,0.2896380673503939,0.3266918714525573,0.3191144679772586,0.16606635337977438,0.040552956489198544,0.02296421565825968,0.010445819913665111,0.023802453642811083,0.032239106244854154,0.23750440065855527,0.39400644084266023,0.00187668634582705,0.4479788504175941,0.01788530060765392
