,air,second_air2,COG,burner_input_T_PV,burner_inputP,burner_output_T_PV,burner_output_P_PV,fur_F,fur_inputT,fur_inputP,fur_temp,fur_outputT,fur_outputP_PV,WHB_F,WHB_inputT,WHB_inputP,WHB_outputT,WHB_outputP,SEP1_F,SEP1_P_PV,SEP1_T,HEATER1_F,HEATER1_input_T,HEATER1_input_P,HEATER1_output_T_PV,HEATER1_output_P,cat1_F,cat1_input_temp,cat1_output_temp,cat1_input_P,cat1_output_P_PV,SEP2_F,SEP2_P_PV,SEP2_T,HEATER2_F,HEATER2_input_T,HEATER2_input_P,HEATER2_output_T_PV,cat2_F,cat2_input_temp,cat2_output_temp,cat2_input_P,cat2_output_P_PV,SEP3_F,SEP3_P_PV,SEP3_T,B35_H2S,B35_SO2
18,123.03796413392247,298.1775626514288,40.34285867437048,599.1916060404094,1.6222778034614016,1218.7027674814872,1.6223410433234584,283.22460447826114,155.33549867935153,1.5720023177469695,947.9670831716905,950.3226653011026,1.571288676484926,280.37341174043223,949.7215144538243,1.5211607274358094,244.24923650396786,1.5210224806277548,279.7297599437884,1.5206572365797706,119.97287897138156,267.65355050435227,119.84868102961586,1.4210329589705029,223.71789947611347,1.4203319415231923,267.9703108493779,223.8690776678098,254.77491123129752,1.4201681522529304,1.4114209103069422,265.94230506106453,1.3611982909713238,46.44953705365727,173.04017170401258,46.41069302487464,1.261718707384044,195.43287862644274,173.56436136586007,195.54734732314057,257.6357639692136,1.2614876148490324,1.2516016524764684,171.0595037157605,1.2007638831995349,127.28000859079968,0.0079633214149386,0.002262863054248197
19,124.82247872966808,305.5149193084834,41.36852410871298,599.2290869276999,1.6222341568826417,1218.8150902891819,1.6222995363962862,287.4299929039572,157.5544365175534,1.572080827457222,949.5244259098276,951.720791799852,1.5713449259545433,284.7199058574737,951.394098423324,1.5215359060281788,257.3768424731461,1.521409895143099,284.3069081843865,1.521011976724547,120.04540197824784,272.4583273435445,119.82430303353071,1.4214147606240126,221.80041560776692,1.4206913306126416,272.43946187163823,221.90081422987024,251.7427353751776,1.4205259003104482,1.4114963724386984,271.0113416980306,1.3615776539685263,46.5865904649849,176.1769109825304,46.49508807243716,1.2621733233644439,195.80453829838316,176.72660652654412,196.36330468891893,258.37571528789084,1.2619386039030993,1.2516871090801067,174.32193499791558,1.2010916514327108,127.17135913366572,0.00789929258902297,0.0024156660435513165
20,122.6751114794886,305.8187422062903,41.44349267050618,599.275144812067,1.622272774326058,1218.8648699822315,1.622337225585243,282.91632299445837,161.2292093103523,1.5719783405013277,953.0028451171332,955.3130242095822,1.5712663852041722,280.04115536999313,955.292556913685,1.5210692720381727,249.48581661375536,1.520950029808265,279.40612784399235,1.5205431140682382,120.17927674405317,267.58521723714443,119.91119391300371,1.4209796142428297,223.82375431493446,1.4202721881891378,267.8583458136181,223.77997953117665,254.70159961990177,1.420125567434557,1.411389441171594,265.9086549070381,1.3611041604380707,46.65627407853011,173.42726553793986,46.55512533467097,1.2617235685419073,195.80419609383964,173.8286433351796,196.27541430406384,258.49849621285904,1.2614866684547525,1.2515668190217837,171.38747788201127,1.2006537945579832,126.55344928081651,0.007803030348751614,0.0025007960312482293
21,121.92886023730082,311.7788065759833,42.299755580501106,599.3194603659888,1.6222463334115833,1218.9642607745948,1.6223129327853865,281.70743670057675,158.77639576416775,1.5720093721903114,951.8561556164123,954.1078364468276,1.5713002857071934,279.0453466621012,953.8680494770427,1.5212136411502393,244.80899171577232,1.5210937468271963,278.16136860128586,1.5206958754890982,120.09444616136162,266.4147029820995,119.8284819435134,1.4209574630641706,224.18605001620602,1.4202484818536427,267.0816165167719,224.18565964843017,255.02228526963881,1.4200981510049393,1.4114306411774162,264.92562502732375,1.3612653309007354,46.72439810530466,172.7318295566377,46.60128081398052,1.2617217957648985,196.49830948887723,173.18757220647035,196.47683870753514,258.9497740370695,1.2614625942029383,1.2516175010901889,170.7559292139212,1.2008320762345577,126.88282442008096,0.007684413565119075,0.002647612153563635
22,127.53836003115212,315.2365255064418,42.44796919015042,599.3557273314136,1.6221678870601193,1219.0219994027154,1.622235609729429,293.9238776900681,158.84559678265583,1.5721879104162608,950.210993925976,951.44180368357,1.5714182436079787,291.206726422609,951.7373866800226,1.522011734072227,273.9247086213003,1.521894036814103,290.8670022068176,1.5214503437272655,120.43224781378878,279.31848379825936,120.04193209899867,1.4219501672385029,219.56362611651318,1.4211802929978998,279.509146413476,219.4479819786627,248.3551270550482,1.4210256791053555,1.4115944042556718,278.5522712485148,1.3620469123713934,46.92995853294979,180.9501145160811,46.66001040194184,1.2628499787729048,196.92451758656452,181.39279315275323,197.66315460185888,259.62951336643215,1.2625685933612585,1.2517983998638882,178.8724222117453,1.2015231484939393,127.56932406880127,0.007639835960309722,0.002782545491833845
23,124.52381062237521,317.62824718892125,43.05093853695319,599.3591716084186,1.6222648535427058,1219.003199432216,1.6223334534306912,287.27715002932035,163.7749291372802,1.571981628946965,955.9448980595549,958.1527704657126,1.5712405931766484,284.3322603456465,958.0796162327509,1.5210129475651966,264.11000646098455,1.5209000684038656,283.9000290209537,1.5204637736643498,120.75602918099855,274.103403562647,120.40103975389958,1.4213448745401636,221.8617503250344,1.4205979930283252,273.99877753038857,221.75468567692846,250.86050732955957,1.4204562170935977,1.4113699681182104,272.6473595676659,1.3610306288230805,47.09872258923735,177.1946779743584,46.8542364328795,1.2621656239259498,196.52737389119116,177.51109531962163,197.31977021877003,260.0326136095424,1.261889599728772,1.251546416041131,175.15946550409822,1.2005581640304606,127.31134517952277,0.00761863119843417,0.002975154251775961
24,115.73158795514499,317.67610283517996,43.23500953913574,599.4164168839461,1.6223171831333205,1219.0596282836093,1.6223877648425338,268.5920918672926,170.24522051791033,1.5718026908787115,963.419873262853,966.090083751953,1.5711454581964397,265.2172182173738,966.4375124686221,1.5202306349515475,221.05126210151047,1.5201333106869597,265.05124266646396,1.5197584202859944,120.58229470827835,254.17554557555138,120.42321746626108,1.4199144588265815,229.59828436048906,1.4192648125734502,255.27236847440997,229.7266654048967,262.0635607962521,1.4191830257064448,1.411215792718673,252.33067121664965,1.360293973652141,47.2529292320516,165.55305557793642,47.09320158048807,1.2606680679289224,197.240205108631,165.76418022221367,197.56758376801344,260.0903712786755,1.2603939830546547,1.2513733843860875,163.3040308727993,1.1999096798985167,127.17651074622164,0.007548742862414346,0.0032165552304071255
25,113.58669978719996,322.4916726967075,43.59243827248328,599.4975846109417,1.6222260966233033,1219.1829348543504,1.6222994144515863,264.4225527531855,174.09512380479438,1.571928882135017,965.456688345573,968.2878929216886,1.5712972909302951,261.2294392739912,968.9970182063544,1.520941854669861,210.73102180609604,1.520860605540369,261.1497707329804,1.520491147944998,120.32110854432639,247.91805408106796,120.13432858947435,1.4197248417107058,232.13384662587126,1.4191104207771668,249.108525696225,232.213628536288,266.4220339210484,1.4190246892077034,1.4113824238183035,245.9417567137249,1.3610130652576486,47.169652983002806,162.76907469716554,47.063048299649466,1.2605241649677474,197.26811903969963,162.8805003603554,197.40254030429824,258.8814175997062,1.2602647298584502,1.2515454330177986,160.742007044718,1.2006442087654703,127.31492236988767,0.007216014569094676,0.0033820080769238546
26,126.2023659470822,327.1661150695119,43.88651641672315,599.5749263762491,1.6220487879600125,1219.3542561615236,1.6221242274001164,291.6471883650046,167.29252161899637,1.5723243536691707,956.3499956322903,957.8583561690292,1.571565518692677,288.2337156846864,958.6611985663778,1.5227498862831979,275.38329603337445,1.5226363766065905,288.9605495500627,1.5222109642355994,120.37673195351914,276.49057160764977,120.00128221041442,1.4219266712576037,220.58502803347085,1.4211893770927349,275.935752704717,220.52599516280023,250.30286443929492,1.421048209138888,1.4117609357142393,275.1445743787943,1.3627998183994727,47.09795248174012,180.1626189464446,46.86476928033157,1.2628793022310065,195.962742778758,180.48727577216033,196.98472643298874,258.81070920953414,1.2626257753230008,1.2519629674536512,178.16383645708555,1.202263280956109,126.90999072400143,0.007062528066277545,0.003501764917393886
27,130.51652649485885,328.77464600929665,43.75521586119895,599.5206979499594,1.622153903792769,1219.2294791947381,1.6222288452873679,300.3619841721387,163.11001815681885,1.5721658342770009,953.6625744735999,954.4306574903476,1.5713689693193642,297.1482079352503,955.7863305572492,1.521917859078914,292.73018416921485,1.5218015928131607,297.3915267307569,1.5213387004764263,121.17077588870816,288.123357524793,120.77591103893113,1.422400357657439,217.3525393659169,1.4215967690852156,287.33141837250764,216.99414204928132,244.53373949648335,1.4214026108301487,1.4115578508980102,286.97302111778725,1.3619283217405749,47.479830529332695,186.3355281797346,47.0185918203661,1.2633941709508223,196.2457599819771,186.29047216539567,197.9878939448551,260.3238138303811,1.2631036174585701,1.251749048488643,184.03037410793505,1.2013469599395836,127.32132177291528,0.007124403635042145,0.003792084077626322
28,119.40182497272113,330.55697185590674,44.83029489819444,599.4122551916514,1.6223364315672728,1219.0509163313125,1.6224100778778063,276.9353206903617,164.22652200229714,1.571787145010368,959.5790715764791,962.0967410396539,1.5710955273082905,273.7546188494022,961.8209980233481,1.5200705964984573,240.9406795497535,1.5199637117671556,273.305761793636,1.5195663113452056,121.15737927191084,264.60356971175,121.02545683304454,1.4205119378931232,226.1330508161181,1.419795869099008,266.073328657781,226.03417181636928,256.12689383240905,1.419660649799487,1.4111796303218225,263.030884010492,1.3601238516703469,47.560846473180874,171.23402992660317,47.413616312996936,1.2613096412373603,197.48245272651133,171.4273899975024,198.22257092565084,261.1716054311314,1.2610167345851901,1.251337022533792,168.930286973067,1.1997180621202128,126.92582233422264,0.007202065109070365,0.0041483611986209154
29,131.8358967293842,335.53552879989394,44.15892896010108,599.5969691414241,1.6220270276892124,1219.384982210526,1.6221069904697691,303.78846812467185,163.13244280234818,1.5723911797316745,952.2993817919561,953.59748001099,1.5715825253264988,300.83066432736257,955.1756900096245,1.5229143259299283,300.65270295704255,1.5227773906661843,300.8801821471629,1.5223363519137456,122.0046584823633,292.1759146964223,121.67750201941777,1.4229374335176848,216.40448093763587,1.422066725150258,291.49096123306515,216.2053179449654,242.4232690851741,1.4219182389934142,1.4117960201898414,290.54961421445336,1.3629425910674406,48.06205402714125,188.8819728250184,47.621927371721796,1.263984102917013,196.32354894838454,189.14615135716795,197.15769550715834,259.92508542311805,1.2636433770166493,1.252019520247307,186.6312247904817,1.202324545122308,127.23778714328907,0.0071181569652819104,0.004185632548615691
30,127.50240821732316,339.8877940648181,45.61327411010375,599.4540532724038,1.6222490757424415,1219.1492044498834,1.6223324825994585,293.9078876306153,168.4150560610279,1.571984312750975,960.4203579424078,962.9613944765376,1.5712072254236653,290.8817256269308,963.1458693347853,1.5209295690733309,287.4090178847718,1.5208259551590861,291.12425342062426,1.5203749554863901,122.00519968699781,285.13655729690583,121.71737498957806,1.421950254164238,219.33431813022426,1.4211556017202156,283.73269958963186,218.97919924126543,245.46767788516132,1.4209805615895,1.4113460510777949,283.56333197191833,1.3609559071085484,47.98137137311507,183.4686159141196,47.53597559553715,1.2629151007997632,197.38924029487455,183.40337849664408,199.1164717606343,261.91066041110554,1.2625893304198064,1.2515151743057151,181.30029995756132,1.2004330252507804,127.81105159744729,0.007199200386392152,0.00439490597220415
31,128.10003061117771,345.42438051160036,46.017604181187686,599.4707819487105,1.6221816109563763,1219.1909789852243,1.6222681965076549,296.1337237126929,166.09859895130418,1.5721231026957383,957.9975600661598,960.8062825215713,1.571337785846074,292.95011377900613,960.7338250623565,1.5215083341535955,289.3825122209401,1.5213726442592814,292.46003284093905,1.5209582608037246,122.50745805960142,287.73748801974585,122.1555275705415,1.4222679020786582,218.74252653681918,1.4214439017626015,287.4466948380092,218.3997968624409,243.69150063186356,1.4212924774764606,1.4114935093671956,286.0850656713932,1.361525019270842,48.444506241478145,185.26995496175388,47.971625878139974,1.2633048111455172,198.56513555009434,184.99490132949694,199.42919053059728,263.1829295585202,1.2629416887898839,1.2516813768831625,182.8351446913078,1.201037376285236,128.56951480387661,0.007333019966090315,0.0046788017208591725
32,121.12269478894882,348.23341785403034,47.241602552393104,599.4367533139259,1.6222763910021742,1219.1690363393216,1.6223611679284873,281.3389079533403,169.0111031084134,1.571902259430156,963.6234774235988,967.4643724820944,1.5711779611909793,278.36635630630616,966.7342852867284,1.520516307154688,258.89680827658486,1.5204090576458291,277.95300634700936,1.520017684850232,121.95219882801986,272.5465350799294,121.7642098062208,1.421094464077919,223.8431142408749,1.420347642303047,273.0116937616655,223.6177440068197,250.754784757575,1.4202041024064176,1.4112812000292319,270.75442278050934,1.3605907503049208,48.329988239724955,175.8575335088437,48.10246031267998,1.261988776630122,198.38289630806608,175.9907544992489,199.29169580951992,262.58599544667356,1.2616642497197506,1.2514508839146605,173.660282471519,1.2001655291033704,128.61108012275804,0.0072292368246504955,0.005015313262375279
33,116.3055747969789,349.5830488990509,47.578795743369696,599.513445983181,1.6222410320096874,1219.295015442664,1.6223287216112243,271.37256988597903,177.92088315662642,1.57190320593287,970.9922861579994,975.1974595832659,1.5712263146142333,268.2513476740663,975.4072825104508,1.5206284567230524,239.9055231113377,1.520554076630171,268.0977294521817,1.5201777242504144,121.58136668112769,260.54205148304186,121.48390502022268,1.4203948073636918,227.87881640729879,1.4197140111046171,261.4972832528509,227.86030348432112,257.31473940327453,1.4196094958803411,1.4113130559664073,258.57717778660657,1.3607243155286997,48.27208568303676,169.5445954461149,48.139231119228064,1.2612817339783846,198.54209292624068,169.77193386678778,199.09681287573733,261.4347195403513,1.2609414111704325,1.2514780998298125,167.52537423596024,1.2003269941117753,128.31521911701228,0.007061797058060486,0.005040728142587238
34,116.86844534343977,347.5505627526494,46.97541126447244,599.6133150358891,1.6221667678025815,1219.3964617505098,1.6222520069823751,273.020070456786,177.24179611841743,1.5720166306300307,968.4985056182804,971.7380445661981,1.5713463088012698,269.0143394492482,972.549248129189,1.52124158984619,239.88755521908894,1.5211694268052078,269.1827630263115,1.5207606032155152,121.74297061566011,259.1619460259488,121.55464424285543,1.4204630766637092,228.81052218885148,1.4197608398287602,260.5081465659944,228.51267885393167,260.0664463750427,1.4196841258299777,1.4114463404264572,257.07748259830225,1.361326613488635,48.52711257639688,170.05571222151522,48.36111337732098,1.261450745153038,199.2459655351824,169.89847606109947,199.50035886059325,261.3703479402307,1.2611102497903348,1.2516205966630682,167.87026768065292,1.2009280293156381,128.37080094792015,0.006811259743242407,0.005149078126664151
35,134.52213737004703,330.850352846856,43.432768448516285,599.9172979747025,1.621922101986359,1219.8485934696728,1.6220060759611774,308.6834459967513,160.63584817184514,1.5724895233121716,948.8992171581116,950.7818223556693,1.5716600704426056,305.58269345790256,952.4459806868217,1.523447183970135,308.1371248810303,1.5233795142104134,306.11725027064614,1.5229066695383406,122.29203612494337,297.2597125215042,121.96874104199937,1.4233700889332737,215.06939535538334,1.4224415414041407,293.5080166244783,214.4604097155534,241.72477523681948,1.4222369863357316,1.4119076355905025,294.61320362975493,1.363570835326896,48.61670291299766,192.64256094344248,47.996168012910786,1.264503009063432,192.9469056284555,192.6184763082737,194.1314287795735,256.2589877212541,1.264121972338872,1.2521459152426881,190.53998219925438,1.2028660120520491,128.12356079271262,0.006927491575137703,0.004404780124031741
36,115.3595071056551,330.36150826882727,45.19059376895382,599.6549979993595,1.622380124626697,1219.3453335685485,1.622454896631729,268.48867116437515,169.8888304242078,1.571570593276074,965.691731635328,969.3313200427351,1.570920799585975,264.84996243672526,969.2931778790748,1.519151586017485,220.4228703450486,1.5190894850922445,265.55135425427187,1.5186456349964497,121.73955874861687,256.21407834485836,121.72417104348536,1.4197830298882688,230.5105149666319,1.4191065669060543,257.1569190769789,230.2506962650498,261.56588667503144,1.4189989070775626,1.4109628179147162,254.3764190573166,1.3592106755268427,48.04006229758135,166.30434560285232,47.955532060695646,1.260584803655629,197.8542439173621,166.5445597962477,198.81874870022122,260.4828228182517,1.2602847251677192,1.2511121093097934,165.00354691509636,1.198820855614788,127.46123618900933,0.00698071595263367,0.004586673552087162
37,122.67673900768396,350.2284425326601,47.25894934798245,599.8410856342052,1.6220468107074588,1219.7372647096715,1.622135697061841,284.9005040027919,177.09905968636878,1.5722128611347992,966.4568384537987,970.1231276277238,1.5714774930049002,281.60248404814206,970.1766681234149,1.5220673231215347,271.60998507895704,1.5219737233759085,281.7560241378546,1.521556477418563,122.12435034205947,274.5401117191708,121.8105527235014,1.4216089329087274,223.0586794582961,1.4208389772440764,274.2384223767489,222.75103491482147,250.69862915927416,1.4207546079675701,1.4116253739066489,272.83916358209297,1.3621192045744523,48.564261291782564,178.6749054545738,48.429168014257804,1.2626307980485638,198.48209731921486,178.76659135077932,199.03742506484107,262.4670620368627,1.2622667373969554,1.2518196394562593,176.67702183512182,1.2017059719931396,128.93017925622058,0.006844455442841939,0.0054420478453443815
38,116.85879098337713,350.691407727517,47.84555819579276,599.7713473062926,1.6222193825242244,1219.5973428695168,1.6223078971681621,272.42809443727924,178.37989190071264,1.5718591958417678,971.2921709040273,975.0192851093625,1.571179541256457,268.853176978427,975.0883458801572,1.5204987687434162,242.55686109428956,1.520437151183552,269.2240804252166,1.5200229676795254,121.65463488958048,260.7236991831101,121.49093231873047,1.420333500609548,227.95495416836408,1.4196507548243877,261.14956629931663,227.80981536727938,258.41401162168654,1.4195510681398382,1.411271325473378,258.9236525663994,1.3605650033796648,48.51374636837599,170.0450947002429,48.354671785445994,1.2612547490631254,198.78963449948492,170.02507960785022,199.1520406030408,261.9666303963628,1.2609048882087723,1.2514263063177429,168.25128935165276,1.200189823421198,128.13263914887693,0.0064262814338821184,0.0057839625528307275
39,122.18504127642063,350.9124006897172,47.3952329201304,599.8896015763704,1.6220639912221013,1219.7751875131855,1.6221517660760103,283.7328202870885,177.14027953723536,1.5721565984964123,966.874552371013,970.1497332600012,1.571426274223681,279.9954943754672,970.3682377349148,1.5218609400007297,268.4872600679851,1.5217763171313616,280.6647233955128,1.5213477874805035,121.9717695603413,272.32343644235766,121.68236248105185,1.4214065932268272,223.84702056519444,1.4206527991294915,271.70238052926584,223.49316970986678,252.64084224389774,1.4205655686486658,1.4115734096197718,270.584505003804,1.3619241574605336,48.72817097149174,177.72260303635932,48.551065073519865,1.2624389687975794,198.24666570078764,177.72266793811303,199.02435744805518,261.88036216552865,1.262071364165045,1.2517544441162778,175.7984830698514,1.2014919245663593,128.38311696937268,0.006484992428643804,0.0058631378988828545
40,136.61206297811384,327.39052326178637,42.91316478373507,600.1824050836998,1.6219174610586105,1220.1844880138701,1.6219994156615474,312.2356773166873,157.35708147430233,1.5724358721397944,946.2131084223048,947.9290206318212,1.5715902413149307,309.12475809114073,949.3759094830257,1.5231574407615585,314.1709609990347,1.5230876964710767,309.6644840730759,1.5226374749241993,123.13568418965012,302.05820395567963,122.84421406936634,1.4235733387321468,214.03265396975618,1.4226267226870457,297.48057436612714,213.5282366091877,240.11903491192385,1.4224147529023952,1.4118377778894406,298.67931049603993,1.3632772169718093,49.277726668053106,195.36157123914325,48.54818725328859,1.2647156000698805,190.89869140838275,195.37814146813938,192.50526257359525,255.33652286721053,1.2643029480486272,1.2520707181190311,193.4002268534994,1.202549878367721,128.37339251274597,0.006854666147057584,0.004782481859680455
41,126.5586035770287,344.27370252786557,46.48924577415662,600.0412328796496,1.622219541110313,1219.9383446382171,1.6223020237075234,291.35056188266617,165.37307262554867,1.5718478004337193,959.9297633963214,963.0136895068005,1.5710755234557445,288.9113428760805,962.8087438859708,1.520243553046971,279.8178245295088,1.5201588951104812,289.14906381260164,1.5197184186681572,123.15144140439241,284.9313176585666,123.07691562617768,1.42176561326373,220.53259833297454,1.4209991883962145,282.96250226677694,220.1304474050707,245.98113996556833,1.420837190758513,1.4111990402350185,282.7305944241467,1.3602867782686814,49.26666697168267,183.2320875572337,48.65871498545952,1.2627931120362534,196.62943384253765,183.39137978492548,198.01386318368563,261.68951692472433,1.2623288052500186,1.2513532147102626,181.7331783453728,1.199827465964471,129.56586188586869,0.006825555066606423,0.005701889704796863
42,122.45087527884961,355.2730237226492,48.363106240961315,600.017319216002,1.6221445861407089,1219.9702691700427,1.6222352797126653,283.5881921241707,172.55444337449464,1.571979922524713,965.8659095665407,970.3346802033491,1.57123408998407,281.0403009439256,968.9920085298493,1.5208236397435166,268.4685688162572,1.5207289692167418,280.4829623800972,1.520331850724936,123.0196414966318,277.6214581049969,122.81244504028024,1.4214584243940949,222.68946101458627,1.4206827025085906,276.95393950857505,222.4742009751051,248.11383325630032,1.4206049682049302,1.4113504485714823,275.57413520571356,1.3608837351374499,49.420113986813064,179.0211715220079,49.130174472352614,1.262418570956447,198.54082625867653,179.25073105308832,198.5007640663121,263.59363494839823,1.2620076285230726,1.2515252114387798,177.21089642233687,1.2005126393799672,129.88846371474258,0.006831629305123833,0.00633058237541143
43,126.91204614806432,352.34503667437,47.42265454220579,600.0500987143417,1.6220472054758301,1219.992900167875,1.6221317395934571,293.4746482397769,167.68969750837712,1.5721819806938726,959.4648239995768,962.0676061826765,1.571401245328852,290.41804368294294,962.1275672325061,1.5218442922390811,284.54194240233096,1.521743127102344,290.5581118501662,1.521314228695939,123.06537804577394,285.9291932379653,122.7420065509621,1.4222430809330384,219.76130372671457,1.4214308555865736,285.2829166007664,219.44132720054517,245.04376176909057,1.421306422577283,1.41156358817891,284.3917901918407,1.361892976617259,49.7286288948742,185.1270271028082,49.336377183194514,1.2633435370237105,198.2478404328028,185.39914190252958,198.87052118314102,263.6172019150237,1.2629483240179482,1.2517661833535207,183.2242845990306,1.2014465597767423,129.423731244907,0.006769830619914818,0.006289611815236316
44,123.83186461235789,345.7036551174601,47.04473832425066,600.095070163536,1.6221345774618139,1219.9978393785993,1.6222202783138142,286.2398765184894,175.52789072709348,1.571980952151575,966.1695094788857,969.9006499162044,1.5712334561504309,282.3721938072546,969.6550381701604,1.5209107180504624,274.838159827341,1.5208226251660761,282.92848311824076,1.5203962143121295,123.03676167051493,278.99316591090997,122.77546897099423,1.4215450154423876,222.39586210217834,1.4207415642879553,278.0063413341464,222.13323523376135,248.83208958172452,1.4206426668850674,1.4113462529889433,276.78527477502314,1.360932601938835,49.79994751808929,180.74742431103996,49.49812611409887,1.2625810327306326,198.64663641429314,180.90651980529074,199.44842293669745,264.4732078732481,1.262189908610469,1.2515102861531588,178.91680403699482,1.2005446296069446,129.594475111002,0.006919602848340925,0.006576901041275759
45,115.53521000269022,352.6042971834899,48.18854748970229,600.0207541144088,1.6221991848853092,1219.9069272215045,1.6222881767569495,269.38548558832673,175.12930800635755,1.5718248699710333,969.444875898373,974.0215094490158,1.5711557825085312,265.82099736886136,973.310175488185,1.5202395857557618,230.86438470370416,1.5201656045617835,265.85842406216966,1.51979057720164,123.04462658197765,260.03821218825203,122.89763705044388,1.4202318118245068,229.94458639624645,1.4195119874952353,260.7423727856438,229.69780912116875,259.250883570911,1.4194542448496417,1.411223951962469,257.4061429394572,1.3603137911827017,50.00734080157781,169.5571635693134,49.85267915582553,1.261166162592299,199.62170867775808,169.58445247504955,199.36130889647845,263.16662568183153,1.2608334900751101,1.2513854335023398,167.77601411814857,1.1999965247686457,129.81580391573706,0.006634398555533074,0.007144821626876049
46,118.68780273075018,355.59386443615256,48.217443546458085,600.10128385936,1.6220522664065768,1220.0639637327465,1.6221403861592234,276.70640298777266,177.4923506278934,1.5720882709140978,968.4645348332944,972.7358968697176,1.5713934020933187,272.94347795030217,972.9612783447179,1.5215595533653006,250.2150567376088,1.5214857964598831,273.33478340124435,1.5210768039023261,122.84795420180454,265.44154741506804,122.65955429914497,1.420905954925611,227.46151482632553,1.4201665392202836,265.32927017081164,227.02612792809347,257.09071484368474,1.420101169644928,1.411512331993743,262.9860713500526,1.3616486279894737,49.98333091402003,174.13825563015652,49.75556621974921,1.2619611839131561,198.9123122745799,174.15823827167236,198.99420258797937,261.81095708678566,1.261601824141798,1.2516910479215928,172.33417177449573,1.2012607597219098,130.09346236610585,0.006437667974409638,0.007212597522500754
47,124.22664930169898,353.3521052941103,47.84738191402852,600.1882115858976,1.6220215972020586,1220.1597724156704,1.6221048974852208,288.13185804060964,169.5314244566602,1.5721584224484937,961.1896210255376,963.9788987863001,1.5714087124735165,284.507465864392,964.2885354369794,1.5218957664683797,272.09143439454726,1.5218116740825733,285.37585655687246,1.5213520630066333,122.77522344963236,277.8008610175591,122.44497516830653,1.4217499944748277,222.66432397638363,1.4209608608675917,277.04418207014817,222.14395976135208,250.63852650041042,1.4208440890483691,1.4115650121057668,275.84947420704543,1.3619541364643646,50.11933729672154,181.42889171098918,49.744522719578995,1.2628579291047524,197.97572653031995,181.74460324968072,198.5167493598965,262.29148451519336,1.2624926409232102,1.2517588138187312,179.7418682322114,1.20150034806702,129.48518385119144,0.006254295274689249,0.007309091071776468
48,119.89653674280224,353.8804053251715,48.30937955899568,600.1912245528812,1.6221322263781506,1220.1327102501589,1.6222190724691163,278.38395160923,175.77964273634444,1.571915253673957,968.3236039130277,972.218005016489,1.5712077997635823,275.08967396978863,972.2315865625957,1.5207259660562888,256.13216406854406,1.5206692770118013,275.60284462847835,1.5202099790821941,122.88477601206027,268.3413096365173,122.67323406077321,1.4208598631771372,226.27072856835332,1.4201017493250292,268.01959098296845,225.8138300485791,255.5232619120576,1.420030901110509,1.411306463729409,266.1988766855498,1.3607808792402323,50.13162598938652,175.27047078012683,49.86382523113751,1.2618622884419743,198.8778083522828,175.62168763446175,199.28517093930535,262.7286980610903,1.2614952756283473,1.251466565239122,173.62172371916162,1.2003913991849569,129.71428878299923,0.006175205611148664,0.007815759756429038
49,121.12767545666826,355.25390055549394,48.35000238167555,600.2356237862642,1.6220509630216726,1220.2177359514315,1.6221382407590619,281.37452572708304,171.02691697128625,1.5720648428834436,963.8518980255712,967.6103568234531,1.5713421168806112,278.279726741909,967.5034378517248,1.5214177232226533,258.8997285055935,1.5213469640396289,278.3548017334917,1.5209120898408393,122.80494385927898,271.4233889970079,122.55950496756704,1.4212592075305435,224.89063209285618,1.4205003729227037,271.1923900538667,224.39807000314775,253.39881374324727,1.4203999271803902,1.4114740314948457,269.29477047926366,1.3614934132822658,50.09051749239965,177.27900157787653,49.7960001973818,1.2622770043156992,197.9822245859994,177.66537490092858,198.17132324149,261.3153766610493,1.26190586302919,1.2516558714974027,175.52991943164471,1.2010909243576042,129.7557223031167,0.006139220074565042,0.007940286176722829
50,120.80771461852736,352.1550883656715,47.974605586086916,600.2723585633414,1.6220707196721704,1220.2217615546112,1.6221561054839744,280.456149689903,176.31041527157345,1.5720100624570434,967.5346032322569,971.0550877053827,1.5712961316774954,276.9509743770375,971.4519199477438,1.521190353143194,260.5174192816355,1.5211333102374498,277.37124214502376,1.5206514918280922,123.01797376748637,268.9607304522805,122.72464042746688,1.4210548248675015,225.97816214563042,1.4202768049779808,268.6310020939585,225.5258841908775,255.97592612557287,1.4202259260364212,1.4114098989113615,267.26241671453045,1.3612350956597414,50.18720266264805,176.2660626680712,49.88325639274543,1.2620691492187197,198.42156797525172,176.69967229875112,198.72083478675862,261.2866413904812,1.261689012734137,1.2515748038766659,174.60178614694885,1.2008394571594048,129.49001169721853,0.0060073627236362425,0.00783077079619152
51,111.77544698436729,345.770283922823,47.48260963707861,600.1447156518318,1.622185849671142,1219.9890946006901,1.6222714998448677,261.5129170656864,181.46010759443217,1.5717593328126684,974.2936463164007,979.4833597372,1.5711321054413558,258.18080627356363,979.3876725529997,1.5201527535604067,211.68494542151606,1.5201089861098958,258.63282785515884,1.5196856979489934,122.5150816347407,248.11256838978602,122.34923038864977,1.4195432715636531,234.14425886653623,1.4189065261688136,248.64843135608638,234.14572836963814,267.278112124307,1.4188435552342922,1.4111908985762232,246.57901063499952,1.3602157582484455,49.68983484879032,163.41582422228018,49.499867033378045,1.2604055838528332,198.35771362893266,163.54438445549653,197.81553011304985,258.8990172975283,1.2601088935302454,1.2513496248049532,162.42434440074055,1.199895757183709,129.54384003152785,0.005823394776469444,0.007356856986834043
52,130.84344564845387,334.7575033275291,44.52098999502703,600.3595439534141,1.6218439612138176,1220.3440280290083,1.621925381027313,301.56848046542086,163.39939136080022,1.5724772958761946,951.8746615556547,954.231956581276,1.5716789993647238,297.8398740259577,955.4144613644953,1.5234056655171593,294.8350441589512,1.5233125084410446,298.6152895079394,1.5228871462700349,123.22519286216192,288.45703856049664,122.9406894896935,1.4228546195510363,218.65253419332325,1.421978924140468,286.0970149825208,218.50256018696933,247.27857251395508,1.4218540483759983,1.4119002138476573,286.3345304944818,1.3634949743377145,50.1335790455135,188.89960582023167,49.6904983295874,1.2639761393663376,193.5770459270899,189.42063709907987,193.8500613087061,255.73960063943406,1.2636543633580022,1.2521338498806622,187.25370319088879,1.2029058648296684,129.61853984618398,0.006024919317829211,0.006629876991275952
53,120.5006074818954,345.7083324977792,47.32669604282168,600.2584646079041,1.6222013700289222,1220.100139007375,1.6222826982949945,279.2756701955305,174.30485249931942,1.571768400755568,967.1433241522986,971.0088196155206,1.571058993013614,275.5604047710344,971.1169056699739,1.520034137049813,256.3830805041865,1.5199708933425387,276.2548226872149,1.5195168877292284,123.42150684203631,269.07909534145483,123.3250601126123,1.4207332632293879,226.43351160005687,1.4199934449666989,267.9105325998969,226.43490501452453,256.4684164745554,1.4199116456985479,1.4111366493956368,266.5267069116429,1.3600554144285242,50.347951249562435,175.39468208879913,50.0588669408728,1.2616862770387285,196.18135785301186,175.79576427883245,195.99632989933025,259.44623831768297,1.2612663170953493,1.2512777294066568,174.15241754396655,1.1996837924387955,130.227146425413,0.00592782510732819,0.00749050293913326
54,118.18249674070836,355.1023576756746,48.2896278602383,600.2426122661261,1.622080915770151,1220.1435818493642,1.6221722249215715,275.26624194300143,177.86308917005664,1.571984926791469,969.2230313892878,974.2694814668081,1.5712958115369473,271.77325144116094,973.8609577175134,1.5210258519438955,249.2916972927759,1.5209546737167146,271.498983316844,1.5205689862428584,123.50630671705946,264.854560097063,123.35483415243304,1.4207423251806703,227.8844902209695,1.4199986620700804,264.8159043092132,227.75652884259713,257.82185403057895,1.41995779613231,1.4113965292248762,262.42657125721655,1.3610789075730207,50.51217087769111,173.466141181372,50.39848021489254,1.2616778341072596,196.59537682915936,173.5178044984664,195.74542501725134,258.79654755737823,1.2612918753626647,1.2515590321052277,171.83666916548108,1.2007489705934005,131.04806648740424,0.005910984787264354,0.008445379325611489
55,119.70355445325531,353.7379414420714,48.03958664228291,600.2404908251015,1.6220487855011378,1220.1348767985653,1.622136016998679,278.36584867975495,176.57771322906012,1.5720496645608306,967.3028464357824,971.7115051257517,1.571347972765769,274.65338858794456,971.6031543474387,1.5213939938997314,255.25897540833014,1.521333641986129,275.0230167906342,1.5209155791125002,123.10288119143263,267.1044136277515,122.92455772796225,1.4209817610707969,226.61757149505436,1.4202322708732102,266.45210488676884,226.40137060306938,256.95039604809176,1.4201790789716129,1.4114675304227655,264.93334679151104,1.3614591208848341,50.48380043506348,175.30921864823134,50.36743424450746,1.2619330609890036,195.38200251512583,175.57108657653953,194.87628165948712,257.7097456185493,1.2615673902779847,1.251637696914408,173.69684125957204,1.2010912841343855,130.26679349924092,0.0058101086066295925,0.008336506169802497
56,128.45814578819275,346.5327075211527,46.57525255519305,600.3485960804692,1.6219520516924049,1220.2709212147618,1.6220328692993737,296.13104150017307,169.3517256086776,1.5722561622466802,958.7202096160506,960.8833472317468,1.5714705411211414,292.6331488426571,962.4429469228055,1.522348544987662,289.7275011103341,1.522260035139569,293.5918347429897,1.521814899904047,123.22323160807352,285.6725090448676,122.94825280280517,1.4223767023126923,219.65894201784704,1.4215585410721554,284.2640868662037,219.4564767784491,247.53646298904567,1.421461484804389,1.4116569144374256,284.18853736600994,1.3623924847139237,50.69390957806386,186.9377961724397,50.389025517924374,1.2634486970296188,193.28940896253297,187.54565180050398,193.96180003035136,256.8923671145746,1.2630907512522447,1.2518536383698773,185.36592269844755,1.2019014473580851,129.9212672810122,0.005862663427975166,0.007748356206341458
57,132.8306658003141,339.54897566505394,45.45348260948838,600.5302838551539,1.6219778091870116,1220.4921446150813,1.6220567980459182,303.9756343928026,166.25342120370402,1.5721890472336493,955.578716543358,957.7349293069159,1.571370372830353,300.73508862925945,959.7396098191566,1.5219477125431353,305.3534411370679,1.5218568752126709,301.4549970801596,1.521431704557032,124.05194450087919,295.94771648401763,123.96370378054866,1.4228873599933063,216.78012060043804,1.4220060701004509,293.2564489479829,216.51510587218547,242.70163309701113,1.4218837866340643,1.4115595173386033,293.3972917458961,1.361966707714549,51.27136094995045,192.60824414116408,50.64279133753677,1.264014266696004,190.63189699891632,193.08108992423627,192.1116366898542,255.66315717962132,1.2635821440273096,1.2517418998918144,191.24628727533928,1.2014315941044307,130.7698149425977,0.006179071860948999,0.007563674013948205
58,124.58594194189872,340.8662150558914,46.579776063532904,600.5254923936818,1.6221219056565803,1220.4588177452613,1.622201519141105,286.7640328711458,173.033280128994,1.5718726858826562,964.1235120954691,968.2591935372834,1.5711259803181623,283.5258270827745,968.4224626582009,1.5203994937519463,274.5105315654477,1.5202991778675052,283.7783889833846,1.519904705636494,124.09025440762863,280.0997455882668,124.01410184005039,1.421486523590675,222.82973140432932,1.4207123312247367,278.85105971147505,222.59633911248068,249.50267999906603,1.420649171387703,1.4112289353028424,277.0255185444761,1.3604088266727266,51.306724921363184,181.67750193496562,50.97923145113377,1.2624770794715228,191.89200777079597,182.3585707975834,192.0953053610784,257.3579738742087,1.2620206171157675,1.2513691754072729,180.8147102228371,1.2000469899734088,130.5559470939781,0.006223526569831793,0.008051248636417097
59,123.36784409450813,348.74973276091765,47.448070646817854,600.5662925240674,1.6220217978439702,1220.5463451525611,1.6221077460105915,284.8645842534846,172.82466273888738,1.5720376377348342,963.7762776168566,968.1979277720311,1.5712988775361079,282.0295095575802,968.0660614513179,1.5211938209581337,268.40245286682205,1.5210969446842344,281.51444706749425,1.5207002628330355,124.05532320940726,277.65034454395914,123.83465689507157,1.4215414299821878,223.76839123217687,1.420747074517046,276.85236992176067,223.2628798493756,250.89199776225462,1.420711829143497,1.4114246457940924,274.9694404300984,1.3612356366075309,51.51838602945178,180.9549993871383,51.31402782190169,1.262522119851612,192.39468453825629,181.318296080384,191.8626407472999,257.13485794332763,1.2620908000768485,1.2515874232720587,179.5518466487185,1.2008929679804843,131.07705075470997,0.006051551003939701,0.009130780876624143
60,115.64125773478264,340.67647887328445,46.812542060397995,600.5005969311115,1.6221221931466268,1220.3854558075723,1.6222067496088908,268.3556638301673,179.68941485516677,1.5718073398914085,970.7818170160155,975.8628442548438,1.571154853901902,265.50233426778055,975.5422615898589,1.5202780822860278,230.3110950753928,1.5202187089216552,265.2037829409476,1.5198003680413954,123.83921820933676,257.59952679594363,123.71208918343206,1.4201244409557203,231.6098880499207,1.41941678485833,257.7931040584057,231.20951759605884,262.81882958947324,1.4193772085486058,1.411215526892812,255.0212649314181,1.3603158681610068,51.53710615182142,169.4082941576328,51.36185768955481,1.261011959280839,192.94551382639406,169.86066977546884,191.89050232618092,255.7975955012602,1.260641286417542,1.2513634874241606,168.5222495504819,1.2000534365877715,130.510101180459,0.005843662618739931,0.00894933214584898
61,122.83562336325868,341.82396435934106,46.43790824896922,600.5558376974283,1.621930068808458,1220.4749212598997,1.6220143043948303,284.6487379781602,173.9940412788007,1.5722059608818162,962.7013520206841,966.4731498130158,1.5714831615833276,280.86385291621315,966.9051542738939,1.5221397466378357,265.2279540709038,1.5220360153977264,281.01621272612226,1.521638023328975,124.26764842708361,272.1361853992308,124.03271385870613,1.4215165668450995,226.12812490409928,1.4207061605265683,271.45785647842195,225.7174699134449,256.76057934671366,1.4206523453044493,1.4116264309702544,270.02455851235817,1.3621573192102445,51.82710100667715,179.87203148507123,51.59259586619545,1.2625542499312519,192.57848157708725,180.27589481666038,192.31206384799526,254.87956490219352,1.2621872325232981,1.251805061110319,178.4335579167851,1.201819573622354,131.85203035189494,0.005698318770365905,0.009144798127731842
62,124.55691771494728,344.23109700237325,46.846660192604354,600.5341721861024,1.6220077452842625,1220.4244685258066,1.62209064374805,287.2495021787906,175.1951181610869,1.5720679167692904,964.1280752888803,967.8719051341595,1.5713219288219458,283.90146582319824,968.4319594441207,1.5214896279704573,274.32136413127336,1.5214047976722938,284.6998659924816,1.5209478533099154,123.972064772837,277.2466597993609,123.77867176995416,1.4216368461430904,223.9887961866155,1.42083150435858,275.575462416552,223.4864762257918,253.2095801560946,1.420751640330143,1.4114621928788138,274.9527551173558,1.3614997391207235,51.68088728575882,181.8794336007602,51.35796046930783,1.2626136935462124,190.93859909794952,182.62784817375945,190.82279350514315,254.24727035334791,1.2622172198977504,1.2516191342582095,180.8594446891453,1.201115749920965,131.0177513391017,0.0056409941065650926,0.009020905498546025
63,120.67128827419114,350.4505703694502,47.735399315797466,600.4253870720362,1.622080984335363,1220.2977016367672,1.6221685927085867,279.163767675487,175.65089457930233,1.5719386983354904,966.8402709533916,971.8672510202912,1.5712253618075003,276.7269884540807,971.6232557615099,1.520821183463003,257.83022812005265,1.520738146006121,276.3764332523607,1.5203153420647202,123.9986123450845,269.94764759760096,123.93785570890786,1.421027919088825,226.60864927563546,1.4202613792277157,268.73635268555813,226.2085745749868,256.0417127328089,1.4201986341479425,1.4113304793200063,267.3684325725992,1.360862860439529,51.60694870920266,176.75164744849033,51.398733294235356,1.2619099168041883,191.05435744609875,177.28817807739833,190.071814142394,253.55688356883383,1.2614910684192004,1.2514833394341303,175.71077234761245,1.2005321899610033,130.64964885216642,0.005634352115636065,0.009638488856320633
64,124.37919262926091,348.19676246540655,47.08393251992952,600.458493924597,1.621986625714631,1220.3365849084173,1.6220708753227917,287.3718971292452,172.54322874292578,1.5721318859118258,962.384630985828,966.3965031565097,1.5713863288418486,284.5057490309111,966.7632041495021,1.5217336237315857,273.22582726966334,1.5216344106397142,284.589698246944,1.5212079143070645,124.05821290192034,277.57726924203854,123.94329601205266,1.4217445127206638,223.69046026049384,1.4209491404483672,276.3375473676888,223.34026397535231,252.326338737211,1.4208803309839535,1.4115317498158257,275.4808167198659,1.3617756666200722,51.74100521147821,182.0476234532507,51.51739780746628,1.2627009084645038,189.61434668116013,182.73957958505468,189.41512106956935,252.65059525645427,1.262277449758263,1.2517051361391534,180.79374556205232,1.2013880506510903,130.48551211541178,0.0056440413174663855,0.009683351574980464
65,121.9635484548137,348.9817032483567,47.40627400235359,600.4187605279981,1.6220708543663818,1220.259593130761,1.622155916600169,281.89029720165144,176.08595640629437,1.5719680387372021,966.391655301627,971.2055347696623,1.5712436206563023,279.0522222932464,971.1966180539185,1.5209520026283498,264.48851100624813,1.520874416271678,279.1929815499035,1.5204327701524107,124.21408675669699,272.46320991415746,124.13260806610069,1.4212201237167166,225.7553193775137,1.4204452544474233,271.17116997448454,225.48203910783803,255.05877350076315,1.4204002802274454,1.411353677099,270.0217903327438,1.3609964842907933,51.86038743448294,178.55925052944832,51.671055369834704,1.2621202751506058,189.52330367310353,179.2600708210843,188.91130659969002,252.42441953983325,1.2616815410915188,1.2515063753938163,177.44396419058234,1.2006343111768913,130.26964006602307,0.00563197419051478,0.009881365524029621
66,120.40708179995754,349.92302338601405,47.25661888229344,600.4050220737281,1.6220550711894535,1220.2299699875339,1.6221409078737719,279.2880090007847,173.93707230492936,1.5719936758823563,964.7078524645343,969.547140249569,1.5712872967550104,276.36212676764376,969.7644462999529,1.5210813450994831,254.69153561835472,1.5209939577950495,275.8639117000266,1.5205741075709727,124.48193605218805,268.35677363472183,124.42289558346828,1.4210144693686544,227.69349550859832,1.4202504926965314,267.90674991204696,227.31456306879545,258.0108079493556,1.4202029526570616,1.4113971873096964,265.90272636079555,1.3611390689282672,51.99400187917658,176.5745366471333,51.79341830443105,1.2619232099218933,189.94660558593594,176.9243570996734,188.83009048031664,251.8359681877186,1.2614819222674079,1.2515541541519144,175.1013226856956,1.2007882688199263,130.58192004604675,0.005572653247798927,0.010569039388107462
67,128.09148682532754,342.92323358478325,45.97518340709172,600.4669295147776,1.6219422015082408,1220.3278304452126,1.6220225960968164,295.3265897547721,165.0033607316501,1.5722362457788772,955.3095782155629,957.7516270672282,1.5714577140984112,292.1093950127185,959.3674863104187,1.5222299653839386,284.6830064311386,1.522115398458191,292.52297556563826,1.5216749863069596,124.4424307088831,284.40001453522837,124.3383840437001,1.4223214100750459,221.48660953901694,1.421510285870984,283.42714593072344,221.17990353230505,249.88463000707517,1.4213975305830733,1.411635043584158,282.64702047265735,1.3622781812840006,51.9685105270932,186.75728005719228,51.60945756813759,1.263315792290224,187.81703862004892,187.5077816272095,188.05041190368436,250.1993011543991,1.2629049235109666,1.2518272027082114,185.35072616648057,1.2018134639731641,130.99870785030697,0.005686391114083502,0.009773059512221136
68,121.10255391413835,344.61316791220895,46.843832999891944,600.3776857281155,1.6221391435879307,1220.1354638318649,1.6222183913853445,280.36889025891196,168.81678183387248,1.5718534096377077,961.5717581870417,965.6351856191434,1.571138702315379,277.2873926685114,966.4013717286614,1.520388071766316,253.73770577175608,1.520313281252076,277.0560991402986,1.519854981744372,124.7504594747092,269.7708214570513,124.73821806802104,1.4209535477841897,227.5121208807504,1.4201949394953712,269.4706249929933,227.1522906579919,257.7054055536282,1.4201088192556348,1.4112252708593116,267.3746228592031,1.360450558206632,52.12486362622653,177.19427740884717,51.83118119996639,1.2618079512602285,188.34192165324342,177.64468036830164,187.60645832971392,250.0817584427989,1.261343182584823,1.2513822353437871,175.7707423062312,1.2000959037193857,130.80543499114899,0.005747050132794967,0.010379167317213639
69,129.71318404048736,343.8445290193962,45.88050465975059,600.4231598395797,1.6219279578248464,1220.2945718364274,1.622007878218272,298.5085265026926,164.630120984944,1.5722867858329166,954.5126222330044,957.0847408862211,1.5714894828820154,295.7245581701591,959.0740823081541,1.522410799773024,292.5777875085664,1.5223005318274656,295.84914510434334,1.5218674977435018,124.55917924577209,289.4170620154263,124.47130816875679,1.4226808310116277,219.51747670572576,1.4218493167474848,288.0564759008646,219.2652706720027,246.5613103133657,1.4217309833717837,1.4116774958912706,287.7158555102513,1.3624765525907492,51.98441443779876,189.63887330231628,51.64587841243729,1.26366482010688,186.4168959613157,190.31640096299682,186.91159093548615,249.18338737283585,1.2632382856296722,1.2518834594728367,188.0028946144192,1.2019882297208155,131.91697705801917,0.005977138324094481,0.00915282464823424
70,126.56072074491667,338.9527952846896,45.94365627175091,600.4576993706007,1.6220973288835892,1220.207183329024,1.6221713284115902,291.44911192197503,163.73711092459192,1.571962336446487,955.5634132265847,958.7903772128483,1.5711970311838925,288.14336447058696,959.7414318364112,1.5208018222569255,275.53388876050684,1.5207109979409477,287.9688697471771,1.5202722927165448,125.2769203917007,282.2841497830627,125.20520760033688,1.4218037627956823,223.2855744424181,1.421008675581456,281.45479442005825,223.02344347340448,251.4132871604101,1.4209132574951784,1.411317025867503,279.86036317470797,1.3608603984692678,52.70799346910605,184.98194531691098,52.28602541931366,1.2627500478709341,186.3797322925104,185.2165732693208,186.1776892394072,249.50174116349504,1.262243344928976,1.251481053024,183.36133110405416,1.200440570414716,130.9536971398246,0.006073755692836946,0.010217959560015318
71,128.8188185760268,342.2595971072989,46.089064161037534,600.4902822454158,1.6219962446399274,1220.3144410751488,1.6220767802103986,295.9949697765185,168.24501724979064,1.572148847351772,957.49376984573,961.0423783313718,1.5713578998065008,293.0410623930763,962.306030861383,1.5216646941068035,289.87051195848085,1.521560992700492,293.02919598300855,1.5211428712544306,125.25060464072446,288.5038513212784,125.17300635721568,1.4223972681719406,220.7200655100968,1.4215513156137742,287.4034939340132,220.4813886971878,247.1608921374368,1.4214755489283784,1.4115121291226196,286.42486734255635,1.3617078953595951,52.63515495538303,188.79205752978152,52.34900973206018,1.263359830286594,185.55368755399326,189.2738232476303,185.68480616168188,249.3942791413482,1.262891227868824,1.2516926105391464,187.3083195987048,1.201275618161701,131.8480649282145,0.006218360963512373,0.00987313373231947
72,124.63755927718927,341.3038948206329,46.38740528244072,600.4163963194796,1.6221011635213864,1220.180368341533,1.622179862584786,287.2588020498131,168.14237705056777,1.5719536150957303,959.2786183727288,963.7815913894599,1.5711986439078467,284.30793634845656,964.0568918972194,1.5207264682462986,270.2829687188215,1.5206277627593794,283.8040999994882,1.520219198962092,125.13011813000394,279.7767048874183,125.06321591892566,1.4216130513549772,224.05957251093582,1.4208058265150318,278.9906968550364,223.78599814214766,251.43462687653997,1.4207461248337037,1.4113094883058313,277.12535766883997,1.3607936314145488,52.747811678768706,182.9350910476807,52.52864770417486,1.2625081463608352,185.2160670190744,183.29833602234137,184.4867103866997,248.9369778711176,1.261997736034128,1.2514702409139031,181.5606569490346,1.2004352224397357,131.49496601144003,0.006229548572201862,0.010348390680754436
73,121.71254875033014,338.25743535021047,45.961435377314515,600.4106840041488,1.6220760127059606,1220.1469686870073,1.6221586445360296,281.3932238029723,175.22042573345243,1.5719794673588874,964.040890027157,968.8956384435962,1.5712611134089551,278.13198295307035,969.4240704838372,1.5208889709731015,260.77426101375266,1.520782493541758,277.47570071051655,1.520384048147844,125.49134699423391,272.21787294307705,125.401462759098,1.421195958532161,227.43656370904662,1.4203874360625468,272.5604355110539,226.92797888300348,256.4141415611642,1.4203657629932496,1.4113502991535236,269.52741446062,1.3609261323646054,53.2008495645254,179.31486311257083,53.07429791744515,1.262125485615996,186.27410345422655,179.79702736775104,184.9939175337141,249.63231948615064,1.261620276310155,1.2515082305379757,177.73357540517685,1.2006356233607673,132.53652436725085,0.006214326044791608,0.010476528879489928
74,118.21402829535354,346.1129630174537,47.21160854282191,600.2720727323629,1.6221003514865067,1220.0154184799042,1.622184649530246,274.37896816851026,177.72177188298554,1.571939778374705,967.4048209172679,973.4306428440105,1.5712495064567975,271.4569188222579,973.2136503790572,1.520795060355777,245.53011190621265,1.520706889922715,270.7725898956591,1.5203181656759068,125.03142916214951,264.79900970603757,125.03443894123522,1.4207460820305764,229.75513694479133,1.4199619791932632,264.2308626139687,229.3675669149553,259.645135590686,1.4199340414442436,1.4113316619221876,262.04354261479324,1.3608631581864883,52.88167636870268,174.78628797899697,52.8963513236743,1.2615864119004268,185.6807475902578,175.16687338393425,184.12516234826796,248.24210814470538,1.2611305141040683,1.2514965810631964,173.59420173285545,1.200590006116699,132.40812085407305,0.006054498954946573,0.010364032912829094
75,109.34263019145217,328.45834479415294,45.164129813675686,600.1659688424238,1.6221843946943446,1219.8127046652066,1.622257239337347,256.17440473744915,175.44415193820078,1.5717370610955887,967.6209435732125,973.9025766638487,1.5711371054195542,252.86017129768618,974.0356937011467,1.5201077288560578,186.5750060532203,1.5200165802608891,252.7329112752068,1.5196526959083145,124.16721099630767,240.50000081890175,124.12471576285289,1.4192114352300913,239.45385741745827,1.4185381494622484,241.37195959794366,239.1497986335788,274.7708423270155,1.418496874113824,1.4111794911472355,238.89254666716673,1.360188833395693,52.20167748248573,161.1783266289977,52.17491843928334,1.2599279622209343,185.7694360267536,161.24954058530972,184.5152965964705,245.09384141575703,1.259584331561287,1.2513640084525954,160.4087023042774,1.199945956013551,131.62005593178083,0.005948982065715416,0.008869955544422266
76,122.89152531745049,332.4948921906852,44.82287978009303,600.2188405896026,1.6219178187625614,1219.9357362199523,1.6220001506225215,284.932362076146,173.9417607166448,1.5723178092202097,960.5388549737598,964.865284046432,1.5716047583879023,281.1884222563569,965.7705809940372,1.5227244863631377,263.99004488216883,1.522624669888411,281.2641565313564,1.5222308634051531,124.44832658121472,269.0803980335108,124.29548269194507,1.4215559919669392,227.27809941033087,1.420765836343237,268.3319947150911,227.10469200683667,259.8689042593729,1.4207164243247532,1.4117568383655266,267.6299747227812,1.3627656204734395,52.18407901771617,179.46232496746768,52.16807734422462,1.2624848739533894,184.53202439730143,180.2841566070907,183.99780990588226,244.31127530882216,1.2621330299653148,1.251948820875658,178.16702121542835,1.202421497510678,131.45348951346475,0.005818991641476968,0.00852704868369399
77,123.90795446539404,341.8294053935899,46.18788850336354,600.1354134327584,1.6220890187878478,1219.7338288075973,1.6221694034622012,286.47596910469895,172.07406433879407,1.5720374753527773,960.9330291498783,965.0291959226473,1.5712949312614075,282.55669290586957,965.5873515532974,1.5212905926041957,269.04835929956266,1.5212356117386214,283.10634997088385,1.5207590049945263,124.64461749429594,274.41070760881405,124.54088626669353,1.4214537680948598,225.64423261803606,1.420629512278282,273.0332437217234,225.3521483656804,256.6187433218739,1.420573424487122,1.4114217170897396,272.02090730686916,1.3613392288654858,52.58110897001289,181.41869605111603,52.614804471857994,1.262303652943977,183.2111442275251,181.68098533377847,181.8147626265643,244.5114877884269,1.261821496043612,1.2515894722931007,180.00378663437783,1.200973744494139,131.8120236966567,0.0057057474159277685,0.009967070173081282
78,132.0863017272744,336.6774353697422,44.85483349944816,600.2604970946655,1.6219724679218839,1219.922987993252,1.622053229662662,302.8812637885723,163.65506218036882,1.5722809489002751,951.9005310415146,954.8908649047586,1.5714656753364504,299.5593640006533,956.3594960769427,1.5223334001448283,300.27728831770247,1.522247903901521,299.869868166948,1.5217962762069805,125.37574430029512,293.2719466074809,125.31858261826949,1.4229145054968613,219.18870499507466,1.4220081113217746,291.06319014994864,218.9530816521411,246.4658426259245,1.4218954884472892,1.4116558504358174,290.86933387757,1.3623679517281329,52.842271635312756,192.74565129468414,52.66211098398903,1.2637912219760816,180.8127433513986,192.8197630128907,180.5992322962182,242.2018994672865,1.2633008102023018,1.251859795906051,190.89476507782865,1.2019088746919817,132.36465877906704,0.006170890680310638,0.00973022615805587
79,124.22401890450406,335.66908338714796,45.670709782610075,600.2009267707506,1.6221841083005937,1219.7912279284137,1.622260625677147,286.3786367312922,164.83819657566653,1.571867984359498,957.1005586307806,961.6409406076747,1.5711212424199181,283.14209025385804,961.1975685171351,1.5202997365534645,264.9788817554151,1.5202305878377878,282.69769174480666,1.519800016026849,125.61312524537138,277.1778544325126,125.60010129425274,1.421391198203782,225.6464818642292,1.4205975198580123,276.10837791584584,225.4449060348019,254.37435138754208,1.420517083829202,1.411214391722133,274.3029257999508,1.3603633912838067,52.96825487045658,181.71822981360347,52.79058968353945,1.262129761245878,181.27205878101174,181.71238966985877,180.13864987982024,242.94373085015155,1.2616047526266239,1.251376086569379,180.16456198661484,1.200019232736704,131.6857074747731,0.006334701786515508,0.010170748577824512
80,118.22651744420386,345.2172287768753,46.92668477701032,600.1548909772549,1.622143298828432,1219.801595167306,1.6222287221106773,274.74322253183243,173.8698122211665,1.571898798034924,965.2633785503579,970.6215904366666,1.5712152574562963,271.5232419734121,970.2001871262561,1.5205420621800243,243.40001247538888,1.5204677052517532,270.7767357408267,1.5200731942561563,125.6420342805686,264.5008918268492,125.62323382767974,1.4206656758954694,230.39818878946596,1.419917381883016,264.5742473590377,230.12838163512473,260.7408717591445,1.419887561453484,1.4112831985557925,261.5411823910646,1.3605896916490656,53.20141229874605,174.51483791520624,53.264145133081676,1.2613833373925545,182.58214131208905,174.79428509196293,180.6876264112689,243.8955969868776,1.2609334325031853,1.2514517802159073,173.02622835364105,1.2003419034286376,132.82935400142588,0.006183653507637484,0.010750567366681571
81,120.14489813515449,344.7287554195068,46.52975694061797,600.1664780507234,1.622052342314419,1219.8275862087305,1.6221346232473683,279.5703840497265,170.98484748047647,1.5720709624365388,961.3874629509003,965.4959319418623,1.571374892283996,275.64662863585653,966.3361762584835,1.521453664100164,249.9217969813414,1.5213736396868685,275.08188609799794,1.5209653872124975,125.19675751877247,266.547826665381,125.13582960682999,1.4210231636399235,229.12221084323772,1.420271242791291,266.41505979180994,228.74695857083003,260.72601989643556,1.4202172984038917,1.4114817101674182,263.88525283207355,1.3615134149540276,53.16347727978794,177.02300877941465,53.177914689135726,1.261845006146388,182.65800410105643,177.1198127873548,181.12792554716617,243.3258033368342,1.261415216720513,1.2516645732255764,175.34648913910092,1.2012012184607963,132.77031961594076,0.006020132319938926,0.010695218255919601
82,128.79828257517596,335.53354542093774,45.01063400599661,600.2958388386953,1.6219690772696116,1219.9665029239975,1.6220479569879878,296.6031164828942,168.45535239021714,1.5722555449242825,956.1464442790925,958.8471750295088,1.571473569114864,292.4363304439502,960.1431570289205,1.5222761929167468,288.3021882343031,1.522198488378346,293.06886914912366,1.5217363353827702,125.585521790667,284.48243757833626,125.37403518880197,1.422346980502392,222.47280557571656,1.4214996165456095,282.83547296067206,222.31164654012449,252.11301177607163,1.4214477298930992,1.4116393411531538,282.5560432501065,1.3622959915554278,53.33690802872363,188.45837936029898,53.19073753456702,1.263265386255705,181.8581092802613,188.73884214809235,181.34736548759585,243.1534316616684,1.2628256174020782,1.2518331583358842,186.67647073617243,1.2018808831423409,132.80974750269385,0.006169857630158508,0.009467646140825162
83,113.58863848103199,331.4114157527606,45.59005820559244,600.035308132212,1.622277770974794,1219.6278479110952,1.622355929122363,264.32974373661807,178.08845000817394,1.5716328705951235,970.0902524739298,975.9736807339466,1.5709941467227573,260.43185223244586,975.6069275253853,1.5194580387623113,215.1568981749412,1.5194098927852462,261.038781562483,1.5190039287474137,124.93957892179708,251.56877661693946,124.89659293920792,1.419636778131407,235.13787321425733,1.4189746484474426,251.3899480501965,235.13903836282216,268.2585214615032,1.418937027407361,1.4110282306251354,249.07176654236727,1.3595242673683237,52.407517530605624,166.63574558768005,52.449694061462566,1.260280061861863,182.96963847844998,166.87713273449845,181.1959450846085,243.16753776079887,1.2599067301164617,1.2511837485177124,165.97911655656299,1.1992369878454658,131.3367988991349,0.006374943992335206,0.008009712835531854
84,120.56885813361525,342.7117120525718,46.362341324363975,600.0912891431622,1.6219958426422378,1219.785379314839,1.6220807076518038,280.7649829939492,173.4605505114346,1.5722017948465707,962.3820496286295,966.7707726716119,1.571505302648049,276.68589075869494,967.486193137747,1.5221018077565664,254.6945362206388,1.5219812849034304,276.18181525959363,1.5216232116399828,125.03322260531766,266.7784948863142,124.9181096437806,1.4212070875728944,228.57728666440096,1.4204432907958622,266.7579017485223,228.51906963757034,260.3331028119456,1.4204089844927419,1.4116308151333772,264.26343377194706,1.362144793047045,52.901850962139235,177.3802412150473,52.921504145744244,1.2620615259206742,183.12007312805073,177.85240045925593,181.2769249806962,243.38265967373383,1.2616887480590742,1.2518205999191858,175.9892329120745,1.2018154651080222,132.72594641034925,0.006159154779192046,0.009405157861173852
85,121.06606310866046,342.1766664117986,46.1143671779411,600.0349334577411,1.622110799616314,1219.6349131746715,1.622188881116606,281.02493025494863,172.43640806891003,1.5720092198863254,962.2600859370685,965.6835683638167,1.5713018449345328,276.6832811095749,966.7422004362552,1.5211761284064031,254.4550149293847,1.5211222348505455,276.849935995521,1.5206722530585441,124.99353099765796,267.1718220509222,124.84963471522227,1.4209642403852953,228.71785710801916,1.4202117178716416,266.74518619492676,228.37406039392647,261.2314282069677,1.4201678895562173,1.4114091238459265,264.7688213744828,1.3612494746627513,53.13874746080904,177.5230007350693,53.13571279876562,1.2618388486841674,183.05109720552215,177.71872617066458,181.44771058557677,243.98823508990193,1.2613866058373178,1.251578317367514,176.01525942057668,1.2008903277894243,132.77773043122212,0.006096681354577094,0.00946180213433049
86,122.1628920252989,343.35014795037745,46.175277076631225,600.0318546612268,1.6220895322677449,1219.6412781246881,1.622170155788647,283.3902147123886,169.15582203366282,1.572058671160864,959.6646166978886,963.2443993918266,1.571338249538122,279.38793756803017,964.4243680426348,1.5213644224794913,258.2012088336961,1.5212990274794194,279.14414963377334,1.520865000757047,124.96021332161808,270.19694818598344,124.84361831892063,1.4212102020721786,227.4994931448424,1.4204478087500383,269.9578873630643,227.0754474229588,259.0255874826316,1.4203794790208877,1.4114587094942426,267.69003439456014,1.3614482316096712,53.12056276163129,179.2309208068558,53.113121497108985,1.2620725911371264,182.51814044348876,179.3398107382461,181.26690592117788,243.4417293929741,1.2616206720303904,1.2516354254152515,177.62609480602325,1.2010712203595222,132.73645592917856,0.006155187144205885,0.00995949030296097
87,128.6415277254783,341.50308122061944,45.70153405637023,600.1405377975433,1.6220154292677806,1219.7921539180577,1.6220952702098947,296.1021885369979,167.47052426549817,1.5722137321660992,956.4080000642623,959.4558280762571,1.5714264204783612,292.487421970155,960.6980814733843,1.5220406665916133,287.6896456412451,1.5219685922099406,293.221362406017,1.5215073131231918,125.27698267204224,285.2864846978706,125.13230557751922,1.4223205831487178,222.06857709727691,1.4214816513676873,283.71552896385003,221.80823553444932,250.83187245817822,1.4214003953902594,1.411594908755368,283.3278029171941,1.362096940870881,53.254208963335124,188.27328361505482,53.125031646077616,1.2632269937563512,181.23547768990414,188.5811836192325,181.05225365215125,242.7280964761614,1.2627579616484454,1.251785668904294,186.81440433825009,1.2016542054489956,133.0214965429235,0.0062857662477890245,0.009618940871377967
88,123.88810690881463,343.19435194242203,46.569817187735325,600.1319621930145,1.6221503008375209,1219.7678328361612,1.6222327931910223,285.6508958455174,172.2414649564397,1.571935488784786,962.7297189929312,967.4363071457545,1.5711901538876014,282.51186439926585,967.4683108919191,1.5206661831924535,270.10046780132893,1.5206151105196748,282.55381031272356,1.5201644374903716,125.76840224687501,276.1788848610773,125.64965222577909,1.421384881147633,226.04055102130272,1.4206019009521011,274.83199552681475,225.79595203149617,255.31072640109994,1.4205521042817972,1.4112972393713066,273.2734187943925,1.3607382060653628,53.41190347857908,181.626347183957,53.34109046249199,1.262173801621637,181.3417337967776,181.960784906776,180.14806561229818,242.59741328936784,1.2616647726080827,1.251452669033146,180.35921086014662,1.2003688988115142,132.66629744149748,0.006317762908422857,0.010237277229660223
89,114.74588412469826,342.5745831406748,46.642304977391504,600.0782363551477,1.6221937932670727,1219.7237393395003,1.6222738925392035,267.07723458624844,173.63348918073882,1.5717912480198608,966.4249054188995,971.3815318807042,1.571144642201076,264.09516900813315,971.5880660936533,1.520167162042098,221.0682632818626,1.520113134337036,263.83789566840164,1.519692870922328,125.62170378574747,254.39979122169697,125.59167845476442,1.4200099085749998,234.5982268160204,1.4193088999580967,254.941723056225,234.25993343984038,267.45674973340095,1.4192616388065973,1.411200011184485,251.61627271209795,1.360236771664471,53.228969761912694,168.7952185017988,53.257482512418235,1.2606604734479216,181.96780243594102,169.33127377606527,180.8828585724495,241.56772797520955,1.260269421282095,1.2513668196331644,167.79702123571806,1.199973864309803,133.01663861239595,0.006226647987320312,0.009859303281216376
90,124.35075721149926,340.56202624057653,45.90266698763592,600.1686129108447,1.6219624551347136,1219.8923641618144,1.6220476257280334,287.96321968199925,172.81952795836122,1.5722644132746326,961.0546076569716,964.7838053862636,1.571530072028947,284.4512964384355,965.4548564094582,1.5223863352546347,273.17816591731173,1.522294032187321,284.6342792197635,1.5218671275479843,125.51575454474602,274.24001455592844,125.27936907005599,1.4217603132839545,226.16586420505848,1.4209749319491634,273.4322091529819,226.0204909145169,257.4765349185338,1.420912343677794,1.4116841538211173,272.41856969195373,1.3624112554005547,52.97872960269924,182.02701106190582,52.919121099726205,1.262581552362757,182.10052576586878,182.82106069457797,181.47932364561052,241.59114076658457,1.26221882914281,1.2518715762825219,180.62734393660745,1.2020369500171701,132.88221390133924,0.006086783512700868,0.009103961503202154
91,127.39916702855915,341.0313870370943,46.03603604618261,600.1481591903646,1.6220643842228024,1219.7905739969804,1.622145702519175,293.31405303171033,170.3387301661496,1.572108650494691,959.3514275560948,962.5326630196528,1.5713352638837816,289.69335050079525,963.166778985956,1.5215734922218678,284.6449630807511,1.5215096471252596,290.56262553883437,1.5210211952021888,125.75110157533541,282.372185846851,125.51586770934102,1.4220122476063988,223.65179069327561,1.4212101282874035,280.69820972426896,223.44684000209813,253.1836774296181,1.4211124273977325,1.4114859806880218,280.2916689373695,1.3616064684413134,53.13982402345464,185.95309865231084,52.95416559521964,1.2628334035524222,181.318351202925,186.40227760525377,180.5616485330292,241.802540626813,1.262374960807288,1.251659947235773,184.66306011836303,1.2011835413953456,132.81613114717362,0.0061782543046318555,0.009074057363458168
92,122.070813069578,344.3171671640288,46.80899482822516,600.0649216573826,1.6221580934079425,1219.7173635587715,1.6222447144866126,282.1432362583835,175.32156059234117,1.5719234849692392,965.8378314826444,970.6823719564185,1.571197676335681,279.00830406101943,970.4814815071496,1.520639804648238,265.0314324820243,1.5205758527656856,278.96050895189876,1.5201382548128104,125.87857847772298,272.50098630071625,125.74755634560182,1.4211588250013287,227.39593882933764,1.4204114735229831,271.61528529862903,227.1950220349997,257.11893304315356,1.420343775990025,1.4112967712306712,269.63316264893416,1.360688682405664,53.060322253852554,179.0355137954897,52.97997388197258,1.2618866447933073,181.4713332333629,179.4729171364924,180.22889739000138,242.44051906161292,1.2614155053688298,1.251451852683011,177.83228792905606,1.200353153188764,132.87960084758453,0.006355255578403698,0.009066282500989864
93,123.64421683474565,343.09978613079903,46.17404742673757,600.1222135779855,1.6220688098403753,1219.7803112664863,1.6221537908026626,286.38067663550976,170.81097297587252,1.57208896503332,960.6504559606103,964.4221819946611,1.5713558231982627,282.5851966285495,964.8391051556911,1.521438050643691,268.06042439307436,1.5213423012021383,282.3212993400679,1.5209175120736955,126.18206020194748,274.8031511644693,125.9998730382324,1.4215076270765394,226.970496550195,1.4207305022427439,274.5391321755318,226.5295589447402,256.90616881554826,1.4206723650218056,1.4114818649088758,272.0588435651944,1.3614699977358677,53.428433002385475,181.50158573151296,53.33000853633987,1.2623059698079417,181.4242188182597,181.54058661504797,180.44701831067928,242.57600040690977,1.2618490007969914,1.251655592797958,179.73317108474203,1.2011220234051008,133.24902132215925,0.006366705625594528,0.009637724840718837
94,116.51498849447968,344.44644741053764,46.98609590569038,600.0093016327918,1.6221897619929504,1219.6471464568285,1.6222758921612412,270.760346858184,179.11443025883648,1.5718333306778551,969.9552297863848,975.0610347358145,1.5711666167939653,267.3847789132097,974.7399538848774,1.520344152689177,236.50027040896416,1.5202814211045195,267.77134578620075,1.5198682503717975,125.82433114690967,259.1617377466957,125.73354903551203,1.4202809671392167,232.83150265188166,1.4195885779197421,258.87563779079636,232.57610916602286,264.9716720242806,1.4195386293421755,1.4112331906547468,256.2324055595479,1.3603911938682822,53.211542784998194,171.53340396993107,53.202870617744686,1.260965154021991,182.34874344846307,171.9619862499226,181.08365091902132,242.74962733077467,1.2605866604505378,1.2513920518754433,170.49447433994519,1.200109977044693,133.18881937153702,0.006302633513790097,0.00894898319656254
95,122.11194722680959,343.68948605906587,46.30927742225953,600.1143001299192,1.6220168229625076,1219.8142764088786,1.6221005746027348,283.82192818513204,167.69189548996926,1.572166017326665,958.6152779118779,961.7407578888079,1.5714513585342424,279.7633260089291,962.7838418222308,1.5219313611712872,257.07936311991676,1.5218282941235763,279.6984379314315,1.521429358921641,125.56853655752386,269.7119057782146,125.46519227165267,1.4213561746027534,228.28267643479748,1.4206000260788973,269.64329564686824,227.86942651157048,259.9331996793567,1.4205104693796893,1.411589256323186,267.1074223737018,1.3619847218617365,53.329337157493185,179.28216074141616,53.230320106765916,1.2621655398542042,181.7183851221204,179.59831239512513,181.0355201053485,241.90813569278924,1.2617920191508485,1.25178007654764,177.74571704661298,1.2016162329226725,133.38226987250727,0.006185587346157093,0.010003785114894727
96,127.84056378709062,343.6134388552372,46.2692458049418,600.161366577555,1.6220232184390133,1219.8687695350757,1.6221050508512886,294.3044701170155,170.30882037742518,1.5721774918193838,959.4027627053889,962.3242179763033,1.5713986863730591,290.7928001521135,963.3874625519433,1.521918443963997,286.52756417273076,1.52186112462325,291.8685584694053,1.521373869437419,125.71619402057702,283.3456721360905,125.51950245925852,1.4221749700922763,223.18488866842546,1.421372071848361,281.2438761215164,222.91403926520474,252.35266719368508,1.42127786217413,1.4115607505140237,281.41185669581375,1.3619725129879916,53.283657874028975,186.9452091696222,53.09066992629564,1.2630246782735766,181.0926494301015,187.55227583574282,181.254259037217,242.05587615516748,1.2626012649647413,1.2517466317700658,185.7125338946993,1.201518672254687,133.21465336186543,0.006290987095189171,0.009078271125598291
97,120.97493689400861,337.6175888138959,46.08794044140247,600.1480378699152,1.6221676848658306,1219.803016730902,1.622255119741795,279.03760535320913,177.61633956989144,1.5718681421438647,967.4345795237206,972.3639823902864,1.571158897747041,276.0840583428761,972.2469709377322,1.520429902348787,258.5628841081134,1.5203741897642304,276.37284530893083,1.5199281992227132,125.99805754625226,268.55794951341096,125.91031390747139,1.4208684376142633,229.28521138918927,1.420157088279658,267.781857256543,228.83705876169455,259.83363434068855,1.420082702592008,1.4112434206305111,265.67135296371754,1.3604739750134491,53.223197607739685,176.93182891407017,53.087250331476575,1.2615762777521171,181.57146158051822,177.57075828490673,180.5970513806944,242.44405510531283,1.2611498706650472,1.2513891076483752,175.77886703634474,1.2001488905049496,132.75746350607514,0.006349756072852747,0.009081901156892773
98,127.07300895041661,339.0260106051958,45.658772587658795,600.2884736324645,1.6219853351793303,1220.0489835383985,1.6220701882974637,292.8614077007841,169.59618795348854,1.5722187389846831,958.669868491189,962.0552352778425,1.5714479170997586,289.6180933160502,962.3059820884546,1.5220603903040772,282.8430210358841,1.521953020245216,289.7720828386111,1.5215343108498183,126.11765425542664,281.93927131809744,125.95049280097473,1.422125121578785,224.02024461162105,1.421321462108973,280.8275734410736,223.70956016179713,252.79224020977406,1.421250894247322,1.4116132385110096,279.7369386179141,1.3620833237851022,53.26087348949461,185.90489084655698,53.115540110978046,1.262921754628971,180.60700244621296,186.38200391993612,180.24547834933043,241.9697102917061,1.2625091704495215,1.251796831895725,184.39384614211335,1.201690448154903,133.42668892114713,0.006352911462997024,0.009177119523408241
99,122.7406421865959,338.65670968607276,46.12063137809781,600.296445166652,1.6221218695099886,1220.02802832867,1.6222046075701044,282.8838093621421,173.76309621294087,1.5719293141914001,964.1318898576407,968.4224783329946,1.5711980730584125,280.0078091812306,968.1693625137158,1.5206950199414715,264.55325614481836,1.520630927313059,280.1869776605461,1.5201923879288946,126.10402178066926,273.0213208915883,125.9763253025302,1.421196209066164,227.55925828591285,1.4204556797501624,271.6864015132717,227.255872431569,257.5521042576296,1.420383094169098,1.4113031339681426,270.2525013318848,1.3607423319326373,53.33621699618179,179.6315613607369,53.16911037572899,1.2619147334806957,181.00646017212378,180.146012210212,179.99708381849257,242.29770284438007,1.2614707454969996,1.251456680324623,178.48288670668757,1.2004062552897015,133.26560361229684,0.006350173145479495,0.00933669877557137
100,133.0207856763934,333.15739379357973,44.49202952122209,600.4956431745271,1.621911561119015,1220.3637182347527,1.621989785345444,304.26651845759324,162.46654673209764,1.5723333672097364,951.2382995391715,953.3562386572752,1.5715115510958706,301.6904252177189,954.6859889055836,1.5226041325652335,302.6111406996068,1.522506359315936,302.0261667670384,1.522079188944045,126.39931479332208,294.9024020437793,126.23600087881888,1.423060818712934,219.3993467852756,1.4222123463781058,292.0997425555055,219.09572402235256,246.5053087025108,1.4220834802798101,1.4117223893062394,292.1704630019181,1.3626476946235677,53.46213862272583,193.785115754052,53.1115768361506,1.2639217478552092,179.22163459633546,194.19857643247218,179.63075768527744,240.8328894074495,1.263493727306493,1.2519320375994447,192.25238320451086,1.2021424821746982,134.1660370090187,0.00662853996717296,0.008765877708832253
101,131.88117947724746,327.9964826549722,44.3648802866427,600.6254944558007,1.6220417935718772,1220.46776434849,1.6221160245750743,301.07366595554873,162.48890980951512,1.572050806734858,952.6359910812812,954.8634998083149,1.5712469142334216,298.4320481298647,955.9665291088656,1.5212165501936803,295.8467204379758,1.5211320586617343,298.61856137907563,1.5206903322451977,126.92924668601428,292.3687400497422,126.82729620563184,1.4225250870324138,221.35002977885628,1.42172164058494,290.0622311960712,220.75379725577082,248.3076173989327,1.4215830412879416,1.4114065571504049,289.2367211738006,1.3612351266780507,53.830021991065756,191.67759761280348,53.27231113059072,1.263383165747849,178.74235734142255,191.9355415202365,179.4637822981504,240.53967242452882,1.2628744729551544,1.2515758869814946,190.5406035667855,1.2007647670707693,132.6522995532094,0.0068538931865709946,0.009225713155683527
102,130.63632697211767,326.34995993218683,44.22684457075806,600.7355410493487,1.6220205296651662,1220.6240715627805,1.6220927399693745,298.7094106908092,160.39308356771778,1.5720636688445635,951.3444364979687,953.6970046545547,1.5712651550336634,296.07839872600084,954.3164921674194,1.5212168395030852,288.36403100459256,1.521117142681341,295.988895211397,1.5207135392816633,127.24143381797725,290.8203643113586,127.17183855030191,1.4224243604787568,222.25748532696826,1.4216262166830371,289.0166104380626,221.63600130190858,248.8224064888003,1.4215063918121993,1.4114181672541575,287.5571307339816,1.3612384309442576,54.099758413978016,190.74026011927054,53.614426221845285,1.2632475625169282,178.52463672344763,190.8714083099164,179.19765569829693,241.14378536048707,1.2627608560150017,1.2515948686052483,189.4615399089832,1.2008218813653702,133.39938938586747,0.007092953796137582,0.009627882718238895
103,128.16848705124383,324.9608310089155,44.33547175647372,600.7772670974032,1.622032285896498,1220.689593572742,1.6221028879512565,293.53933517167167,160.74273964918947,1.5720149446100287,952.3054639789534,955.0323760718545,1.571235894978325,290.9954155431294,955.3735408775492,1.5209974537353381,276.51866678334204,1.5209079408770088,290.7270861553276,1.5205048066654667,127.06983936699245,285.30054838626825,126.96723551912994,1.4220365496876686,224.19718575324197,1.4212514715565931,283.7887826706259,223.49901133205805,251.43249822655196,1.421147014663757,1.411371454596179,282.03637089205796,1.3610405869967823,54.15057153571032,187.4378763539158,53.7067184438286,1.262820560535807,178.73123521492641,187.72852263250348,179.08574842814517,241.71847267030225,1.2623633764915623,1.2515438771426974,186.14940721620366,1.2006495770149412,133.3465151600015,0.0070812584116971555,0.009782819489060084
104,130.99215830199594,320.98368952432804,43.711760119846744,600.8898391396216,1.6219515321786333,1220.8557506745567,1.6220203189968272,299.47597670741953,162.1363138507038,1.5721463650280592,951.355080325214,953.6830451457769,1.571345738256389,296.60377604567486,954.801981380713,1.5216807034240003,289.354202967248,1.521573515228513,296.792706552175,1.521163878254379,127.25755289303726,290.44735005427475,127.17622412433374,1.4225734451317402,221.9959898634609,1.4217268484962262,288.99227668903757,221.59000473003,249.01516140651827,1.4216194473187245,1.4115082903345009,287.48522582850416,1.3616817362653506,54.254322958297166,191.4641174912067,53.82984672236197,1.263403840259049,178.62399447193863,191.90018020535922,179.50540867173063,241.4940927520439,1.2629548282008398,1.251698355815992,190.265911166837,1.2012554267900173,133.79578849438354,0.007176018377162731,0.009314465593121025
105,119.87362346752624,316.3172867303943,43.83303738252422,600.75863936573,1.6221405360645516,1220.6139249688388,1.6222111805047794,275.37922892494515,168.1426818127213,1.571754840803391,959.6933346850134,963.6630766579622,1.5710680787054638,272.990383182383,963.289174649831,1.5198711633163453,237.1860866381558,1.5197845424416616,272.40549386637207,1.519408772360437,127.32063134561176,265.38187688172604,127.31004670098037,1.4205537296544017,232.3202088636958,1.419811017567489,264.7896350358156,231.80973484783917,262.72315752898794,1.4197589526925636,1.4111165226645919,261.67192043096435,1.3599035621348492,54.42006469992448,175.17671411234176,54.076262064477895,1.261238914229193,180.3512696709283,175.89837395146063,179.51160506388987,242.43466102628662,1.2608488480782551,1.2512680208226918,174.0770892181075,1.1996550496328453,132.73142608721977,0.007048441360305052,0.009470703413312031
106,128.3160847851182,318.27526358713095,43.526184621694206,600.7947974170402,1.6218939212650443,1220.7392711352209,1.6219634940547412,294.4413759348391,163.43875185468974,1.572262060533187,952.0225910291925,954.9813021066844,1.5714887450423602,291.27928839313404,955.8095429873974,1.5223173442746474,278.04175821416004,1.52219397440197,291.41781327709947,1.5217633083039759,126.71545499696279,282.8346903355997,126.58836805636705,1.422296588137134,224.22212595345596,1.4214264642266687,282.00701803726713,223.75709438572832,252.99851771621908,1.4213628228499262,1.4116529657321462,280.320069037158,1.3623401131316886,54.14448625741679,187.65261597517068,53.90078426065164,1.2631200782900986,179.1951530083516,188.29446389674473,179.45092025946713,241.98394122909602,1.2627416476875661,1.2518535662450303,186.39315111757634,1.2019148259172467,134.00225412329334,0.007001501316817441,0.00893584232400216
107,123.11238758245803,318.38263120838036,43.787252606972984,600.7318181361954,1.6220809719503395,1220.5857387870876,1.6221503627935703,282.2444615361808,166.48948873646762,1.5718883277085332,956.9072892178082,960.6814516958849,1.5711665414375546,279.75571192504225,960.8431670003174,1.5205449006045373,252.7856262764898,1.5204647322413598,279.57866546020625,1.5200509568009657,126.78529374994257,271.6690541656993,126.75981314917539,1.4211201641581683,229.09348324854773,1.4203484953609269,270.3496947202736,228.59807395522682,259.2226868843942,1.420283658615618,1.4112562893381182,268.27488264374824,1.3605951887080698,54.34364336031129,179.65118197215776,54.02682084614573,1.261863047467072,179.72069874362856,180.4102607145648,179.40331488299455,242.16604279820606,1.2614461068075207,1.2514125466492818,178.69715860660813,1.2002654866516922,132.88811189602578,0.006871191878741532,0.009574998115743794
108,125.34663530469332,314.2891173499563,43.08531863182607,600.7865294811708,1.6219743634310169,1220.6549889978617,1.6220420199118186,287.8480505255951,163.28580742970055,1.572101204315499,952.7631858264191,955.8965731334824,1.571359044594101,284.6839463895565,956.3210839120297,1.5215519393496433,261.7902149371049,1.5214410217841872,284.6323805388379,1.5210213476128827,126.98534916366746,275.9801822459234,126.91200554315054,1.4216612452235204,227.38801258532988,1.4208286431290187,275.4049006427108,226.8838626928519,257.23423001104163,1.4207814971988175,1.4114831923091353,272.9991047310451,1.3615717040230007,54.61107295400299,183.40196789759062,54.31248785241807,1.2624462443082631,179.46670779585494,183.77783017881004,179.28808580269344,242.25772214339756,1.2620619510119437,1.251666353900432,182.00364904244913,1.201210099518311,133.7876413251384,0.006978915920820578,0.009691879861511802
109,127.69199360240361,313.0972656918473,42.963106606191026,600.7973247646393,1.6219810350493524,1220.6604803864209,1.6220465337808947,292.2237789735907,161.23124721485368,1.5720980669859277,950.7160888034738,953.5580018094752,1.5713313165658245,289.10698168641915,954.3245153141447,1.5215308299272827,271.17265176123396,1.5214350908478624,289.4475231785595,1.5209973816598912,126.92684081948772,280.7973085721451,126.88103376009981,1.4219635433887157,225.4363224098055,1.4211209273555276,279.58201469844204,224.9534852746076,254.72304237174913,1.4210463610824664,1.411469898337967,277.900356478781,1.3615650867636861,54.58149701526837,186.30452745143523,54.21988250631779,1.2627633843463948,178.9381648978361,186.73728017614812,179.11022371430425,241.45529114842225,1.2623591661161366,1.2516518863429116,185.16421600882674,1.2011466954391534,133.62551165434337,0.007015766993986112,0.009489234497124667
110,124.25442809012962,310.8100161094673,42.67925788935515,600.7529058667939,1.6220477021685247,1220.585084710665,1.6221143354483445,284.48752417349846,164.6156555570708,1.5719567498899722,954.0288802428507,957.8206372767065,1.5712272363349349,281.79544078152855,957.9998759785615,1.520864457854087,255.98278140572566,1.52077345393283,281.6742073078285,1.5203633903579303,126.74247024844159,273.3427525826105,126.6974370807039,1.4213204455790123,228.1678350320386,1.4205285883607275,272.38707984985746,227.7659322399228,258.2791446610363,1.4204686320144295,1.411326057521492,270.19735628009425,1.360907125199378,54.41973315673805,181.0403472214573,54.12831561443911,1.262045931272845,179.30450108650186,181.712407923477,178.7585224360416,241.8109472352067,1.2616576570102878,1.2514915300650113,179.96393120186707,1.200550220606381,133.42684650662576,0.007032666984337655,0.009356468956743311
111,127.20113780309984,299.9470654758033,40.98619102842158,600.8256354295052,1.6219717695334743,1220.6230879543277,1.622033913501265,291.28346472548054,152.80053095355237,1.5721122444804876,943.796911489555,945.1984665103607,1.571361759736034,287.81735417958777,946.4507426495715,1.5216027774041638,259.4619842193013,1.5214977674255186,287.6343465065943,1.5210608951899793,127.21977063918132,277.1523694672521,127.24639446218248,1.421775292806514,227.29629881918856,1.4209419698806756,277.15605537888337,226.74522026906214,258.246347599572,1.4208714756190555,1.41149247905199,274.3486092341489,1.3616345556643914,55.02109025318898,184.88149159941412,54.5928349244028,1.2626004143082767,179.24875127381503,184.8772973235801,178.70567545639273,241.01401005993563,1.2622008056498355,1.251685456797062,183.29544616609172,1.2012297366756868,134.20868536991688,0.007176706687499214,0.009746600198381278
112,124.49929325332337,301.4059891863543,41.25052638958191,600.8126673495383,1.6220355440981404,1220.577289497685,1.6220986557209012,285.15147010600896,159.65303640278844,1.5719702999263176,949.2024272264994,951.8733517770526,1.5712479957819425,281.8148438347462,952.622158955624,1.520949426425178,250.4341810776223,1.5208562251692306,281.6551319948726,1.5204422476605368,127.2714212257547,271.7798772420793,127.24344883270784,1.4212500931182217,229.530987437086,1.4204512526170316,271.3483916352321,229.13409754201192,261.20717744875316,1.4203940152150993,1.4113421281063963,268.4955306154051,1.360970915360696,55.01661759587314,181.09998787676452,54.68242335456874,1.2620216679820602,179.64570806549415,181.34658716046562,178.5354542336325,241.30021643829932,1.2616331657789372,1.2515141740041351,179.74055756629366,1.2006202054528137,134.32110255258533,0.007133217921215028,0.0097748436095491
113,121.56763868054344,300.8657146374238,41.33794175675961,600.7383676681222,1.6220423432040314,1220.4876674567477,1.622107151854978,278.76799417674226,165.014635392128,1.5719533012813787,953.7488107526226,957.7055592947494,1.5712581096066969,275.483162303111,957.6526162119771,1.5209024930238024,239.60246004805435,1.520812506871165,275.25895745449935,1.5204245194246495,127.07325036903094,265.7623816181318,127.05587255483809,1.4208777693126264,231.38678591880713,1.420111601130055,265.3645850752879,231.24092797674726,263.5530018195352,1.4200772998787865,1.411338595888541,262.55439542383806,1.360937677225659,55.00521873463382,177.2093123057319,54.838890142027196,1.2616019659003603,179.4073744120806,177.69746273360272,178.2070425762063,241.62316552529012,1.2612514018542966,1.2515076372249743,176.05864925553936,1.2006353890702837,135.18225418727067,0.0071863313965878,0.009246506183216154
